0.000000000		
0.067554100		
0.270610800		
0.374780300		
0.374782600		
0.419675000		
0.577164600		
0.690281700		
0.784332900		
0.784380200		
0.907222700		
1.084871600		
1.091667300		
1.091680700	65.9.62.32	10.111.18.225
1.093901100		
1.108234200		
1.108455400		
1.108527000		
1.108871800		
1.144155700	10.111.18.225	65.9.62.32
1.155070000		
1.155071400		
1.155079500		
1.155082500		
1.155088600		
1.155090900		
1.155103600		
1.156149800	10.111.18.225	35.176.23.94
1.156318300		
1.156589000		
1.156990800		
1.157070400		
1.157182600		
1.157247100		
1.157332600		
1.157402600		
1.157448700		
1.157497800		
1.157542700		
1.157886200		
1.158425900		
1.179364100		
1.179366600		
1.179367400		
1.179368100		
1.179540400		
1.179541200		
1.179541900		
1.179542500		
1.179543500		
1.180241300		
1.180506600		
1.180598500		
1.195063200		
1.209176500		
1.209386400		
1.212748600		
1.212967500		
1.278442900		
1.282061400		
1.282063100		
1.282063900		
1.282072400		
1.282075400		
1.282082800		
1.282089600		
1.282104400		
1.282107300		
1.282110100		
1.282114200		
1.282118000		
1.282125300		
1.282128700		
1.282135200		
1.282136200	35.176.23.94	10.111.18.225
1.283337700		
1.284230600		
1.284604900		
1.284696700		
1.284921000		
1.285567700		
1.289460800		
1.289468500		
1.290128300		
1.294507900		
1.294517000		
1.294523900		
1.294526500		
1.294532900		
1.295035900		
1.295255100		
1.295359600		
1.302733900		
1.302738600		
1.302742900		
1.302744700		
1.302946300		
1.303234400		
1.335910100		
1.340257600		
1.398725200		
1.410228600		
1.414913000		
1.420265500		
1.421263300		
1.421770500		
1.422738300		
1.422918600		
1.423132100		
1.423200100		
1.425414000		
1.425415800		
1.425628100		
1.425734000		
1.425784800		
1.425971300		
1.426024600		
1.426181400		
1.426310600		
1.426347200		
1.427576500		
1.427987200		
1.428804000		
1.428805300		
1.428805900		
1.429149700		
1.429822600		
1.429893700		
1.430611500		
1.430613500		
1.431094700		
1.431594700		
1.433555900		
1.433557400		
1.433693600		
1.433838400		
1.435002900		
1.435773200		
1.450152800		
1.458124000		
1.458133600		
1.458138100		
1.458142000		
1.458144700		
1.458926400		
1.459372600		
1.467886300		
1.468563400		
1.469869200		
1.470069900		
1.470190800		
1.470256900		
1.501379200		
1.501381700		
1.501383500		
1.501384400		
1.501633900		
1.502166700		
1.502724300		
1.521700900		
1.521708000		
1.521715200		
1.521719100		
1.522525600		
1.522764400		
1.524921700		
1.524929200		
1.524932000		
1.524935200		
1.524937600		
1.524946800		
1.524949300		
1.524961100		
1.524963400		
1.524967600		
1.524970600		
1.525513500		
1.525721400		
1.525796500		
1.525864800		
1.525949000		
1.528418200		
1.528421700		
1.528424100		
1.528425900		
1.528428000		
1.528430100		
1.528432700		
1.528434900		
1.528436600		
1.529023900		
1.529299800		
1.529440100		
1.529520700		
1.529599500		
1.536026100		
1.536028700		
1.536033300		
1.536041900		
1.536044100		
1.536045600		
1.536047800		
1.536050000		
1.536052300		
1.536054200		
1.536057400		
1.536059400		
1.536644400		
1.536843300		
1.536918400		
1.537001000		
1.537080400		
1.537156900		
1.538288600		
1.538292600		
1.538295300		
1.538302600		
1.539020000		
1.539241000		
1.542170200		
1.542174300		
1.542180000		
1.542184600		
1.542191200		
1.542198400		
1.542200800		
1.542204100		
1.542767400		
1.542955500		
1.543026800		
1.543103500		
1.546440200		
1.546444100		
1.546446300		
1.546452800		
1.546991100		
1.547212600		
1.549749800		
1.549754700		
1.549760400		
1.549770200		
1.549773000		
1.549780500		
1.549787100		
1.549791000		
1.550474900		
1.551090200		
1.551542000		
1.551754300		
1.553065600		
1.553613800		
1.553621500		
1.553624300		
1.553629400		
1.553633700		
1.553636200		
1.553638700		
1.553641100		
1.554109400		
1.554257100		
1.554322900		
1.554386300		
1.557380500		
1.557383900		
1.557386300		
1.557388900		
1.557400100		
1.557402600		
1.557404500		
1.557406100		
1.557407500		
1.557409800		
1.557411300		
1.557412900		
1.557417000		
1.558079000		
1.558308900		
1.558391500		
1.558461000		
1.558538900		
1.558625800		
1.561876700		
1.561880100		
1.561882800		
1.561889100		
1.561894200		
1.561897300		
1.561902700		
1.561906500		
1.561911800		
1.561918500		
1.561921000		
1.561926000		
1.561938000		
1.561940300		
1.561945300		
1.561948200		
1.561951900		
1.561953800		
1.562578300		
1.562764300		
1.562830700		
1.562905300		
1.562984200		
1.563182700		
1.563189200		
1.563194400		
1.563197100		
1.563201600		
1.563204700		
1.563208500		
1.563212500		
1.563219100		
1.563221400		
1.563403400		
1.563607600		
1.563831500		
1.566526600		
1.566529700		
1.566540000		
1.566547400		
1.566552100		
1.566554500		
1.566560800		
1.566565900		
1.566568200		
1.566574900		
1.566576400		
1.566581400		
1.566585200		
1.566586900		
1.566593100		
1.566596200		
1.566598900		
1.566604300		
1.566606800		
1.566611700		
1.566615500		
1.566618000		
1.567328600		
1.567938700		
1.570584400		
1.570588900		
1.570592300		
1.570600100		
1.570607800		
1.571273700		
1.572739900		
1.572747600		
1.572774400		
1.572785900		
1.572794600		
1.572797000		
1.572799900		
1.572805100		
1.572815100		
1.572819200		
1.572822100		
1.572886700		
1.573595200		
1.573671700		
1.573675400		
1.573678200		
1.573682300		
1.573690900		
1.578870500		
1.579499900		
1.579776000		
1.580037500		
1.582619100		
1.582628900		
1.582632700		
1.582639200		
1.582642200		
1.582643800		
1.582646500		
1.582658700		
1.582662600		
1.582665900		
1.582669800		
1.582677100		
1.583434000		
1.583436600		
1.583438800		
1.583441200		
1.583443100		
1.583445000		
1.583446900		
1.583448800		
1.583454800		
1.583460600		
1.583463200		
1.583465600		
1.583467600		
1.583469800		
1.583472100		
1.583474400		
1.583476400		
1.583478400		
1.583480600		
1.583482800		
1.583485000		
1.583486800		
1.583488900		
1.583490900		
1.583495800		
1.583499800		
1.583501700		
1.583502400		
1.583502900		
1.583770000		
1.583851400		
1.583868400		
1.583880800		
1.584179200		
1.584381000		
1.584585800		
1.584640700		
1.584727500		
1.584772400		
1.584840000		
1.584879600		
1.586159800		
1.586162000		
1.586163600		
1.586165800		
1.586167500		
1.586168800		
1.586170600		
1.586172100		
1.586177600		
1.586180800		
1.586182500		
1.586184300		
1.586194800		
1.586196400		
1.586198400		
1.586200500		
1.586202300		
1.586204200		
1.586206200		
1.586207900		
1.586209900		
1.586211900		
1.586215900		
1.586218100		
1.586221900		
1.586223900		
1.586226000		
1.586804400		
1.587046000		
1.587195500		
1.587838400		
1.587841000		
1.587842700		
1.587845400		
1.587849700		
1.587851600		
1.587853500		
1.587855000		
1.587856400		
1.587858100		
1.588085600		
1.588086300		
1.588087300		
1.588088000		
1.588088800		
1.588089400		
1.588263700		
1.589178500		
1.589180400		
1.589181500		
1.589493100		
1.589697400		
1.589847800		
1.591286100		
1.591393700		
1.591733400		
1.591735100		
1.591827700		
1.591960300		
1.592271600		
1.592413500		
1.592559000		
1.623718700		
1.623734200		
1.623736500		
1.623738100		
1.623740400		
1.623743300		
1.624583400		
1.625138900		
1.634657900		
1.635487000		
1.636763900		
1.636912800		
1.636964500		
1.637013800		
1.637059300		
1.637151000		
1.637210600		
1.637260700		
1.637312800		
1.637363900		
1.641423400		
1.651602800		
1.651798900		
1.651861200		
1.651930700		
1.653242700		
1.653245000		
1.653247300		
1.653248100		
1.653408500		
1.653409300		
1.653409900		
1.653410600		
1.653411200		
1.653513500		
1.653824900		
1.654083900		
1.654207100		
1.654257600		
1.654301000		
1.654343300		
1.654403300		
1.654759200		
1.656451900	65.9.62.32	10.111.18.225
1.656814700	10.111.18.225	65.9.62.32
1.665191400		
1.671894800		
1.671927900		
1.680107000		
1.680109700		
1.680111500		
1.680113900		
1.680123100		
1.680126200		
1.680129100		
1.680132200		
1.680134400		
1.680344900		
1.680346100		
1.680693100		
1.681051000		
1.681148100		
1.681215100		
1.703644900		
1.703647500		
1.703649600		
1.703651500		
1.703658200		
1.703660600		
1.703662600		
1.703664900		
1.703667300		
1.703669900		
1.703671900		
1.703674100		
1.704071400		
1.704253100		
1.704320500		
1.704397100		
1.704494700		
1.704572300		
1.709460000		
1.709463800		
1.709465900		
1.709470900		
1.709473400		
1.709477400		
1.709481400		
1.709483700		
1.709485900		
1.709488000		
1.709490300		
1.709496400		
1.710024400		
1.710225900		
1.710405500		
1.710532900		
1.710609100		
1.710680200		
1.711920700		
1.711924400		
1.711926800		
1.711929300		
1.711931400		
1.711933900		
1.711935900		
1.711938000		
1.712342600		
1.712523900		
1.712597700		
1.712670800		
1.720502300		
1.720505900		
1.720508300		
1.720510200		
1.720512300		
1.720514600		
1.720516500		
1.720518900		
1.720962700		
1.721169200		
1.721245600		
1.721324600		
1.728427700		
1.728432300		
1.728434800		
1.728436900		
1.728843300		
1.729042600		
1.729462400	65.9.62.32	10.111.18.225
1.729465300		
1.735383600		
1.735386000		
1.735388200		
1.735390900		
1.735393300		
1.735395600		
1.735398100		
1.735399900		
1.735406300		
1.735411400		
1.735413700		
1.735415800		
1.735418300		
1.735425500		
1.735427500		
1.735430100		
1.735432400		
1.735434800		
1.735436800		
1.735439100		
1.736261100		
1.736513600		
1.736695800		
1.736788100		
1.736859500		
1.736936500		
1.736977500		
1.736979900		
1.736982400		
1.736984500		
1.737013300		
1.737086700		
1.737159100		
1.737235300		
1.737352400		
1.737425700		
1.739508900		
1.739512600		
1.739514800		
1.739516900		
1.739519500		
1.739522400		
1.739526500		
1.739529800		
1.739531900		
1.739534100		
1.739536100		
1.739538000		
1.740003300		
1.740298700		
1.740389900		
1.740463700		
1.740534300		
1.740615500		
1.743816500		
1.743820300		
1.743822200		
1.743825700		
1.743827400		
1.743829400		
1.744507400		
1.747851900		
1.747854600		
1.747856800		
1.747859400		
1.747861300		
1.747863100		
1.748311000		
1.751405100		
1.751408000		
1.751417700		
1.751420900		
1.751424600		
1.751428000		
1.751431000		
1.751443400		
1.752889100		
1.753416600		
1.753542100		
1.753602600		
1.753652400		
1.753698500		
1.753747900		
1.753789000		
1.753875600		
1.753918100		
1.753969200		
1.757895500		
1.758539200		
1.758541800		
1.758544000		
1.758546400		
1.758548500		
1.758550600		
1.758552700		
1.758554600		
1.758559000		
1.758561300		
1.758565300		
1.758567800		
1.758574700		
1.758576700		
1.758880000		
1.758885900		
1.758888500		
1.758890400		
1.758892500		
1.758894800		
1.758897900		
1.758899600		
1.758901800		
1.758903900		
1.758906400		
1.758908300		
1.758910500		
1.758912600		
1.758914900		
1.758917100		
1.758919100		
1.758921000		
1.758923500		
1.758925400		
1.758927400		
1.758929500		
1.759192400		
1.759584500		
1.759989300		
1.760783700		
1.760786900		
1.760788800		
1.761877800		
1.761880600		
1.761882400		
1.761885100		
1.761887000		
1.761891700		
1.761894200		
1.761896600		
1.761898800		
1.761900800		
1.761902900		
1.762351700		
1.762588900		
1.763551700		
1.763558400		
1.763566200		
1.763568600		
1.763570500		
1.763572700		
1.763574700		
1.767362100		
1.767364200		
1.767366000		
1.767368400		
1.767370300		
1.767372200		
1.767374600		
1.767376600		
1.767382600		
1.767384900		
1.767835000		
1.769027600		
1.769030000		
1.769034900		
1.769043500		
1.769045400		
1.769047200		
1.769049400		
1.769051700		
1.769053600		
1.769054400		
1.769450300		
1.771872400		
1.772099100		
1.774530900		
1.774537000		
1.774542300		
1.777622100		
1.777625100		
1.777627400		
1.777629700		
1.777634200		
1.777636200		
1.777638300		
1.777640400		
1.777642700		
1.777652400		
1.777654400		
1.777656400		
1.777658300		
1.777660900		
1.777662700		
1.778016000		
1.778018000		
1.778020000		
1.778022200		
1.778024500		
1.778026400		
1.778028500		
1.778030100		
1.778034200		
1.778036700		
1.778038700		
1.778040900		
1.778043300		
1.778045900		
1.778048600		
1.778052800		
1.778055400		
1.778057700		
1.778059900		
1.778062000		
1.778064000		
1.778066300		
1.778164900		
1.778400400		
1.778562200		
1.778798000		
1.781238600		
1.781241300		
1.781243500		
1.781246300		
1.781248300		
1.781250100		
1.781252100		
1.781254500		
1.781259300		
1.781261700		
1.781263600		
1.781266300		
1.781268800		
1.781274500		
1.781276700		
1.781278800		
1.781283500		
1.781285400		
1.781287900		
1.781289900		
1.781292200		
1.781759100		
1.782125600		
1.785505900		
1.785509300		
1.785511300		
1.785515900		
1.785517800		
1.785519700		
1.785522000		
1.785526800		
1.785529300		
1.785534300		
1.785537100		
1.785539300		
1.785541100		
1.785548200		
1.785550100		
1.785552500		
1.785554900		
1.785557300		
1.785560500		
1.785562600		
1.785564800		
1.785566800		
1.786039300		
1.786041200		
1.786043500		
1.786045700		
1.786047600		
1.786049600		
1.786052200		
1.786054100		
1.786055500		
1.786057300		
1.786058800		
1.786061000		
1.786062600		
1.786069500		
1.786071200		
1.786073700		
1.786075900		
1.786077800		
1.786079800		
1.786219800		
1.786508400		
1.786710900		
1.786713700		
1.786716000		
1.786717400		
1.786718300		
1.786720900		
1.786723000		
1.786724800		
1.786872500		
1.787241700		
1.791403900		
1.796276700		
1.796281000		
1.796290200		
1.796293700		
1.796296900		
1.796300300		
1.796313800		
1.796317000		
1.796320400		
1.796323100		
1.796326100		
1.797107000		
1.797291800		
1.797359700		
1.802775600		
1.813151400		
1.837359300		
1.877945800		
1.877949500		
1.877951700		
1.877955000		
1.877956600		
1.877958400		
1.877960400		
1.877962300		
1.877968100		
1.880088600		
1.885533000		
1.885536200		
1.885538600		
1.886020900		
1.886373500		
1.886376700		
1.886379200		
1.886381100		
1.886383400		
1.886385400		
1.886387700		
1.886389400		
1.886391500		
1.886394200		
1.886396200		
1.886397900		
1.886404700		
1.886410300		
1.886412400		
1.886415000		
1.886416900		
1.886419600		
1.886424100		
1.886426400		
1.886428300		
1.886430400		
1.886433000		
1.886435200		
1.886435800		
1.886437800		
1.886439700		
1.887043500		
1.887195500		
1.887253900		
1.887438100		
1.887932000		
1.887934600		
1.887936600		
1.887938500		
1.887940500		
1.887942400		
1.887944400		
1.887946600		
1.887949200		
1.887952200		
1.887954400		
1.887957700		
1.887967800		
1.887970000		
1.887972300		
1.887974700		
1.887977200		
1.887979900		
1.887982700		
1.887985100		
1.887987100		
1.887989400		
1.887993300		
1.887995500		
1.887998200		
1.888000300		
1.888002300		
1.888004600		
1.888006700		
1.888010000		
1.888014700		
1.888017300		
1.888408600		
1.888411400		
1.888413900		
1.888416300		
1.888418400		
1.888420400		
1.888422600		
1.888425200		
1.888428800		
1.888431400		
1.888433700		
1.888436000		
1.888438100		
1.888441100		
1.888444200		
1.888446100		
1.888448500		
1.888450900		
1.888452900		
1.888455700		
1.888457900		
1.888460100		
1.888884300		
1.888913300		
1.888915900		
1.888918100		
1.888920700		
1.888922600		
1.888924200		
1.888926400		
1.888928400		
1.888931200		
1.888933800		
1.888936600		
1.888939200		
1.888941500		
1.888948100		
1.888950100		
1.888954200		
1.888956600		
1.888959600		
1.888962200		
1.888964900		
1.888967400		
1.889161000		
1.889279200		
1.889281600		
1.889283800		
1.889290400		
1.889292600		
1.889295100		
1.889297200		
1.889299500		
1.889302000		
1.889304900		
1.889306900		
1.889309000		
1.889311900		
1.889314000		
1.889316400		
1.889318800		
1.889320700		
1.889323300		
1.889325100		
1.889325900		
1.889327100		
1.889329500		
1.889332200		
1.889333900		
1.889335900		
1.889338400		
1.889340500		
1.889342600		
1.889344900		
1.889347100		
1.889349700		
1.889353000		
1.889356600		
1.889476100		
1.889667200		
1.890033400		
1.890278300		
1.890440400		
1.890789800		
1.890991600		
1.891212400		
1.891576400		
1.894750100		
1.894753200		
1.894755200		
1.894757800		
1.894759500		
1.894761100		
1.894763800		
1.894765600		
1.894767900		
1.894772900		
1.895319400		
1.895616800		
1.953886700		
1.955474100		
1.956152000		
1.989897600		
1.999461800		
2.019923000		
2.020950000		
2.021289200		
2.021356500		
2.021405900		
2.021510800		
2.073129000		
2.073364200		
2.073427200		
2.073490100		
2.075661400		
2.075949800		
2.076008000		
2.076058200		
2.076099100		
2.076140200		
2.077374200	10.111.18.225	162.159.135.234
2.079918300		
2.106227500		
2.218161100		
2.218814100		
2.244367800		
2.244756100		
2.245738400		
2.245808900		
2.287964300		
2.289406700		
2.289456500		
2.305769000	10.111.18.225	162.159.135.234
2.305879000		
2.316073400		
2.335203600		
2.366972600	162.159.135.234	10.111.18.225
2.366975400	162.159.135.234	10.111.18.225
2.367474700		
2.372906400		
2.373179600		
2.373180700		
2.373685400		
2.374346700		
2.374348000		
2.374349900		
2.374829500		
2.374955800		
2.375037300		
2.375038300		
2.376359400		
2.376360800		
2.376361400		
2.376956800		
2.377784400		
2.377786200		
2.377811400		
2.378328700		
2.378469200		
2.378526300		
2.380502900		
2.380504700		
2.380505600		
2.380507600		
2.380508800		
2.380509700		
2.380510800		
2.380511700		
2.380512600		
2.380523700		
2.380524700		
2.380525700		
2.380526900		
2.380528100		
2.380529000		
2.380530300		
2.380559800		
2.380561000		
2.380562300		
2.380563200		
2.380564200		
2.381194500		
2.381432900		
2.383304400		
2.383306900		
2.383307700		
2.383309500		
2.383310500		
2.383311700		
2.383313300		
2.383314300		
2.383315400		
2.383316900		
2.383317800		
2.383319100		
2.383781500		
2.383791100		
2.383792500		
2.383793600		
2.383794700		
2.383795700		
2.383797200		
2.383798200		
2.383799200		
2.383800600		
2.383801500		
2.383802700		
2.383804000		
2.383805300		
2.383806300		
2.383807900		
2.383809100		
2.383810100		
2.383841300		
2.383842900		
2.383843800		
2.383962000		
2.384491600		
2.384915800		
2.385840000		
2.385841500		
2.385842800		
2.385844800		
2.385845600		
2.385847200		
2.385850300		
2.385851400		
2.385852700		
2.385853900		
2.385855200		
2.385856300		
2.385857700		
2.385866100		
2.385867500		
2.385869000		
2.385870100		
2.385871300		
2.385872600		
2.385873800		
2.385875100		
2.385876700		
2.385877900		
2.385879000		
2.386331600		
2.386334300		
2.386337100		
2.386340200		
2.386457000		
2.386458600		
2.386460700		
2.386462500		
2.386466100		
2.386468200		
2.386470000		
2.386471600		
2.386473800		
2.386479700		
2.386481400		
2.386483000		
2.386484400		
2.386486100		
2.386487700		
2.386489400		
2.386490900		
2.386492500		
2.386494000		
2.386495500		
2.386536800		
2.387210900		
2.387566200		
2.387947700		
2.388115600		
2.388674300		
2.388676000		
2.388677100		
2.388678500		
2.388679700		
2.388680800		
2.388682200		
2.388683400		
2.388684300		
2.388685800		
2.388686600		
2.388687500		
2.388696300		
2.388697300		
2.388698300		
2.388699800		
2.388700800		
2.388701700		
2.388703200		
2.388704100		
2.388705300		
2.388706800		
2.389123700		
2.389124500		
2.389125100		
2.389126200		
2.389126700		
2.389127200		
2.389128200		
2.389128700		
2.389129300		
2.389130400		
2.389131100		
2.389131800		
2.389133000		
2.389139000		
2.389140000		
2.389141100		
2.389141600		
2.389142200		
2.389143200		
2.389143800		
2.389144300		
2.389145700		
2.389146600		
2.389147500		
2.389265000		
2.389572200		
2.389774600		
2.390128100		
2.391438700		
2.391440600		
2.391441500		
2.391443000		
2.391444000		
2.391444900		
2.391446200		
2.391447300		
2.391448200		
2.391449600		
2.391450600		
2.391451500		
2.391453200		
2.391459700		
2.391460900		
2.391462100		
2.391463400		
2.391464300		
2.391465300		
2.392002800		
2.392102300		
2.392103400		
2.392104300		
2.392105900		
2.392106500		
2.392107400		
2.392109300		
2.392110100		
2.392111100		
2.392113200		
2.392114100		
2.392114700		
2.392116100		
2.392124000		
2.392125400		
2.392126800		
2.392127900		
2.392129700		
2.392130900		
2.392132000		
2.392133500		
2.392335900		
2.392633000		
2.392790400		
2.393360800		
2.393362800		
2.393364000		
2.393365800		
2.393366700		
2.393367700		
2.393369300		
2.393370300		
2.393371200		
2.393372700		
2.393374700		
2.393375700		
2.393377100		
2.393383900		
2.393385200		
2.393387200		
2.393388400		
2.393389800		
2.393391600		
2.393393400		
2.393534700		
2.393815900		
2.393903800		
2.393956000		
2.394296800		
2.394384900		
2.394444900		
2.394740800		
2.395191200		
2.395402600		
2.395572900		
2.395758600		
2.395908400		
2.396318200		
2.396320200		
2.396321100		
2.396322300		
2.396323400		
2.396324300		
2.396325600		
2.396326600		
2.396327500		
2.396328600		
2.396329600		
2.396330500		
2.396338000		
2.396339200		
2.396340100		
2.396341700		
2.396342700		
2.396343900		
2.396345100		
2.397679000		
2.402873200		
2.403165100		
2.403169000		
2.403172100		
2.403175300		
2.403178700		
2.403182600		
2.403186200		
2.403189000		
2.403190900		
2.403194300		
2.403196900		
2.403199600		
2.403203500		
2.403226400		
2.403229100		
2.403231700		
2.403234900		
2.403238000		
2.403241800		
2.403245000		
2.403248700		
2.403252400		
2.403255800		
2.403259200		
2.403262200		
2.403265500		
2.403267700		
2.403270200		
2.403272100		
2.403274900		
2.403316800		
2.403318200		
2.403667500		
2.403669000		
2.403670400		
2.403671900		
2.403673300		
2.403674800		
2.403676400		
2.403932400		
2.404557200		
2.404558400		
2.404559200		
2.405186900		
2.405188700		
2.405195600		
2.405197100		
2.405198500		
2.405199800		
2.405201100		
2.405202400		
2.405203700		
2.405205000		
2.405206200		
2.405207600		
2.405208900		
2.405210200		
2.405211500		
2.405213000		
2.405214500		
2.405215900		
2.405217300		
2.405218700		
2.405244600		
2.405702900		
2.405986100		
2.406142100		
2.406494800		
2.406657700		
2.406819600		
2.407328800	10.111.18.225	65.9.62.32
2.407673100		
2.407674500		
2.407675500		
2.407677100		
2.407678100		
2.407679400		
2.415649300		
2.415651800		
2.415653800		
2.415655200		
2.415656600		
2.415658300		
2.415665500		
2.415666900		
2.415668500		
2.415670300		
2.415671800		
2.415673600		
2.415675200		
2.415676800		
2.415678200		
2.415679600		
2.415681000		
2.415682800		
2.415684200		
2.415685500		
2.415687100		
2.415688600		
2.415690100		
2.415691700		
2.415719700		
2.415721100		
2.415722500		
2.415723800		
2.415725200		
2.415726700		
2.415728100		
2.415729600		
2.416234400		
2.416237300		
2.416238900		
2.416240400		
2.416242300		
2.416243500		
2.416244800		
2.416368400		
2.417284200		
2.417464600		
2.417466400		
2.417467500		
2.417469200		
2.417471000		
2.417472000		
2.417479800		
2.417481000		
2.417482300		
2.417484100		
2.417485300		
2.417486500		
2.417488900		
2.417490000		
2.417491000		
2.417492800		
2.417493800		
2.417494900		
2.417496900		
2.417498100		
2.417499100		
2.417500700		
2.417501900		
2.417528700		
2.417530600		
2.417531600		
2.417532400		
2.417534100		
2.417535100		
2.417535900		
2.417537700		
2.417538600		
2.417653200		
2.417868900		
2.418286100		
2.418490600		
2.418645800		
2.418880700		
2.418921900		
2.418924400		
2.418925800		
2.418927900		
2.418929500		
2.418930700		
2.418932400		
2.418933600		
2.418934800		
2.418936700		
2.418937600		
2.418939000		
2.418947000		
2.418948300		
2.418949500		
2.418951100		
2.418952900		
2.418953800		
2.418955700		
2.418956800		
2.418957900		
2.418959500		
2.418960600		
2.418961800		
2.418964400		
2.418965300		
2.418966200		
2.418967500		
2.418968400		
2.418969500		
2.418998600		
2.418999800		
2.419651200		
2.419653700		
2.419655400		
2.419657100		
2.419658900		
2.419659200		
2.419660600		
2.419662300		
2.419664500		
2.419666200		
2.419668000		
2.419669800		
2.419671500		
2.419673000		
2.419679300		
2.419681100		
2.419682700		
2.419684600		
2.419686300		
2.419687800		
2.419689800		
2.419691100		
2.419692400		
2.419694100		
2.419695500		
2.419697200		
2.419698900		
2.419700500		
2.419703400		
2.419705100		
2.419706400		
2.419708300		
2.419725800		
2.419938500		
2.420094500		
2.420305300		
2.420307100		
2.420308000		
2.420309200		
2.420311000		
2.420312200		
2.420313400		
2.420314700		
2.420315600		
2.420316600		
2.420318000		
2.420319300		
2.420320400		
2.420327500		
2.420328800		
2.420329900		
2.420332200		
2.420333900		
2.420335300		
2.420337100		
2.420339000		
2.420340200		
2.420341700		
2.420343600		
2.420589000		
2.420803400		
2.420949800		
2.421285300		
2.421484800		
2.423421100		
2.423423800		
2.423425300		
2.423427300		
2.423428500		
2.423429700		
2.423431300		
2.423432600		
2.423433700		
2.423435500		
2.423436600		
2.423438000		
2.423446500		
2.423447800		
2.423449500		
2.423451600		
2.423453200		
2.423455000		
2.424026100		
2.424028200		
2.424030000		
2.424031500		
2.424033200		
2.424034700		
2.424036400		
2.424038100		
2.424039700		
2.424041600		
2.424043100		
2.424044500		
2.424046300		
2.424048400		
2.424050000		
2.424051800		
2.424053500		
2.424055000		
2.424056800		
2.424058200		
2.424059300		
2.424060900		
2.424062300		
2.424064200		
2.424066100		
2.424067500		
2.424069400		
2.424071400		
2.424072900		
2.424074500		
2.424102400		
2.424104100		
2.424199900		
2.424449500		
2.424451400		
2.424452900		
2.424454400		
2.424456100		
2.424457600		
2.424459300		
2.424461000		
2.424462500		
2.424464100		
2.424465700		
2.424467300		
2.424468300	65.9.62.32	10.111.18.225
2.424476500		
2.424618600		
2.424757500		
2.425106000		
2.425263100		
2.434604900		
2.435579800		
2.435581700		
2.435583300		
2.435584800		
2.435586100		
2.435587500		
2.435588800		
2.435590000		
2.435591700		
2.435593200		
2.435594800		
2.435596200		
2.435603500		
2.435605100		
2.435606500		
2.435608000		
2.435609400		
2.435611100		
2.435612500		
2.435614100		
2.435615400		
2.435616800		
2.435618200		
2.435619500		
2.435621000		
2.435622800		
2.435624100		
2.435625500		
2.435627100		
2.435628600		
2.436643100		
2.436645000		
2.436646600		
2.436648300		
2.436649600		
2.436650700		
2.436652000		
2.436653500		
2.436654900		
2.436656200		
2.436657600		
2.436659000		
2.436660600		
2.436662400		
2.436663800		
2.436668100		
2.436670000		
2.436702000		
2.436703600		
2.436705200		
2.436706800		
2.436708200		
2.436709500		
2.436710800		
2.436712100		
2.436713200		
2.436714500		
2.436716200		
2.436717500		
2.436718800		
2.436720100		
2.436721400		
2.437233500		
2.437255200		
2.437257100		
2.437258600		
2.437260000		
2.437261800		
2.437263200		
2.437264700		
2.437266100		
2.437267400		
2.437268800		
2.437270400		
2.437271900		
2.437273800		
2.437275700	65.9.62.32	10.111.18.225
2.437278000		
2.437279300		
2.437280700		
2.437300100		
2.437301700		
2.437303400		
2.437305700		
2.437307500		
2.437309200		
2.437310700		
2.437312100		
2.437313700		
2.437315400		
2.437316700		
2.437318200		
2.437319700		
2.437321000		
2.438155000		
2.438157200		
2.438158500		
2.438158700		
2.438160300		
2.438161700		
2.438163000		
2.438164800		
2.438166300		
2.438167600		
2.438169500		
2.438170900		
2.438172200		
2.438174000		
2.438175600		
2.438177000		
2.438178600		
2.438180000		
2.438181500		
2.438183500		
2.438184900		
2.438186300		
2.438188100		
2.438189100		
2.438191000		
2.438192300		
2.438193800		
2.438195500		
2.438197600		
2.438199100		
2.438574600		
2.438887400		
2.439741900		
2.439900600		
2.439970800		
2.440279300		
2.440457400		
2.440608400		
2.441141900		
2.441387900		
2.441537100		
2.441785100		
2.441936000		
2.444164700		
2.450844600		
2.461520100		
2.461709300		
2.461746800		
2.461806500		
2.461840700		
2.461873600		
2.461907500		
2.461939900		
2.461973100		
2.462020800		
2.464411800		
2.478602100		
2.478604700		
2.479840000		
2.481917700		
2.481919900		
2.485046100	10.111.18.225	65.9.62.32
2.485862600		
2.494540000	162.159.135.234	10.111.18.225
2.504784600		
2.534099600	10.111.18.225	162.159.135.234
2.550889100		
2.559537500		
2.562796500		
2.563326600		
2.579711500		
2.591948400		
2.591950200		
2.591951500		
2.591952800		
2.591954100		
2.591955500		
2.591956800		
2.591957900		
2.591959100		
2.591960500		
2.591961900		
2.591963500		
2.591964700		
2.591972800		
2.591974100		
2.591975800		
2.591977100		
2.592610900		
2.592892900		
2.593014900		
2.593132700		
2.593261000		
2.593375300		
2.593492500		
2.593576100		
2.593641300		
2.597583000		
2.597585000		
2.597586400		
2.597587700		
2.597589000		
2.597590500		
2.597591700		
2.597593100		
2.599721800		
2.599723600		
2.600231100		
2.600697100		
2.600699400		
2.606221500		
2.606223700		
2.606225400		
2.606227400		
2.606229000		
2.606231000		
2.606813700		
2.610022900		
2.610024800		
2.610025800		
2.610027200		
2.610028800		
2.610029700		
2.610776400		
2.613777500		
2.613798000		
2.613799500		
2.613806200		
2.615422600		
2.650836400		
2.778073900		
2.792792100		
2.805308300		
2.846190200		
3.129757100		
3.129759200		
3.129760600		
3.129762200		
3.129763600		
3.129764800		
3.129766300		
3.129767700		
3.129768900		
3.129770600		
3.129771800		
3.129773000		
3.129779100		
3.129789300		
3.129791000		
3.129792400		
3.129793900		
3.129795300		
3.129796500		
3.129798000		
3.129799400		
3.129800700		
3.129802000		
3.129803400		
3.129804600		
3.130379100		
3.130559400		
3.146063800		
3.146066100		
3.146067600		
3.146069200		
3.146070500		
3.146071800		
3.146073300		
3.146074500		
3.146076100		
3.146077300		
3.146078600		
3.146080000		
3.146081400		
3.146097700		
3.146099400		
3.146101000		
3.146103400		
3.146109500		
3.146110700		
3.146704300		
3.146912800		
3.164598800		
3.180612600		
3.216583200		
3.216867800		
3.231527100		
3.231528600		
3.237138200		
3.239092700		
3.239211600		
3.239250900		
3.239284700		
3.239316000		
3.239346400		
3.239377500		
3.239417700		
3.239448500		
3.239479900		
3.255782700		
3.255785600		
3.255787200		
3.255788300		
3.263937200		
3.282773300		
3.374598900		
3.374710900		
3.374763900		
3.374809900		
3.374849600		
3.393743000		
3.393744100		
3.401519200		
3.420086900		
3.468483700		
3.468485200		
3.468486700		
3.468487900		
3.481278900		
3.525497200		
3.529869700		
3.529992300		
3.530028500		
3.530061200		
3.530124800		
3.546944500		
3.550062300		
3.562412800		
3.590073000		
3.590211700		
3.590248000		
3.590292100		
3.609854200		
3.617532700		
3.633788200		
3.633791000		
3.643485800		
3.662684300		
3.782302900		
3.782304800		
3.782305700		
3.782307000		
3.782308000		
3.782308900		
3.782310200		
3.782311100		
3.782312500		
3.782313900		
3.782314800		
3.782315600		
3.782332300		
3.782334200		
3.782335200		
3.782336700		
3.782337600		
3.782338600		
3.782340000		
3.782340900		
3.782341900		
3.782343000		
3.782344200		
3.782345300		
3.782346500		
3.782347400		
3.783119600		
3.783360600		
3.785220500		
3.785222400		
3.785223400		
3.785225200		
3.785226100		
3.785227000		
3.785228100		
3.785229200		
3.785230100		
3.785231500		
3.785232300		
3.785233100		
3.785795600		
3.791772600		
3.791774100		
3.791775100		
3.791776900		
3.791777700		
3.791778700		
3.791780100		
3.791787700		
3.792065300		
3.800019700		
3.805386900		
3.813670000		
3.814073800		
3.814180900		
3.814219600		
3.814256000		
3.814297300		
3.814331300		
3.814363800		
3.814396500		
3.814432600		
3.828726300		
3.831327000		
3.831332700		
3.831336100		
3.833492600		
3.840902400		
3.841266500		
3.841357100		
3.841394500		
3.841588000		
3.852408700		
3.860136700		
3.867492400		
4.302549100		
4.302863600		
4.311529700		
4.640150400		
4.643724000		
4.644017800		
4.645395900		
4.645705700		
4.654238200		
4.654240000		
4.654240700		
4.657994600		
4.657995800		
4.657996500		
4.657997600		
4.657998400		
4.657999000		
4.658000100		
4.658000800		
4.658001700		
4.658008800		
4.658009700		
4.658010800		
4.658012000		
4.658012800		
4.658013900		
4.658014700		
4.658015400		
4.658016500		
4.658017200		
4.658019700		
4.658020600		
4.658021400		
4.658022300		
4.658023400		
4.658024100		
4.658024900		
4.658025800		
4.658026700		
4.658027500		
4.658029300		
4.658042600		
4.658043400		
4.658375600		
4.658376700		
4.658377300		
4.658377800		
4.658449100		
4.658896900		
4.659211900		
4.659830900		
4.660002200		
4.660077600		
4.661725500		
4.661726700		
4.661727500		
4.661728900		
4.661729600		
4.661730500		
4.661731400		
4.661732200		
4.661736300		
4.661743500		
4.661744600		
4.661745900		
4.661746600		
4.661747700		
4.661748900		
4.661753400		
4.661755200		
4.661756200		
4.661757300		
4.661758500		
4.661759400		
4.661760300		
4.661761300		
4.661762100		
4.661762800		
4.662079200		
4.662085200		
4.662086700		
4.663438200		
4.663803900		
4.668732500		
4.668869200		
4.670526700		
4.670528100		
4.670528900		
4.670529800		
4.670530500		
4.670531300		
4.670532300		
4.670533200		
4.670534100		
4.670535000		
4.670535800		
4.670536800		
4.670540400		
4.670541500		
4.671271100		
4.675455500		
4.677319800		
4.677321400		
4.677322300		
4.677323400		
4.677324900		
4.677325700		
4.677326400		
4.677327500		
4.677337000		
4.677338400		
4.688621300		
4.688823300		
4.699633100		
4.777804000		
4.778288800		
4.793769000		
4.795223100		
4.795224300		
4.795225200		
4.795234600		
4.795235500		
4.795236500		
4.795237500		
4.795238300		
4.795239300		
4.795240500		
4.795241300		
4.795242200		
4.795246900		
4.795671600		
4.795686700		
4.795687800		
4.795688600		
4.804363400		
4.806483800		
4.806486300		
4.806487600		
4.806489100		
4.806490400		
4.806491700		
4.806493500		
4.806498500		
4.814668700		
4.818924800		
4.825197200		
4.860835400		
4.864036800		
4.884151700		
4.884153000		
4.884156700		
4.884157800		
4.884158600		
4.884159700		
4.884161200		
4.884161900		
4.884162700		
4.884164300		
4.884165500		
4.884166700		
4.884167900		
4.884170700		
4.884811400		
4.900041900		
4.929056200		
5.021862000		
5.029899900		
5.051498100		
5.054744800		
5.066332900		
5.074475700		
5.074997800		
5.092220400		
5.099867400		
5.119084100		
5.334454300		
5.334991300		
5.335311200		
5.337055900		
5.337174400		
5.337365900		
5.337441600		
5.337468500		
5.337469500		
5.337556500		
5.337609600		
5.337685500		
5.337742900		
5.337812500		
5.337838500		
5.340163500		
5.340165200		
5.340166300		
5.340167400		
5.340648700		
5.340649600		
5.377593800		
5.377773000		
5.378031800		
5.378274200		
5.378502100		
5.378728200		
5.380178200		
5.380208800		
5.380250800		
5.380475600		
5.380818300		
5.380819500		
5.380876300		
5.380956400		
5.396194400		
5.401515600		
5.401517700		
5.401519000		
5.401520600		
5.401527700		
5.401946400	10.111.18.225	35.176.23.94
5.402590000		
5.402836700		
5.403255000		
5.405042300		
5.405379500		
5.405890800		
5.419834000		
5.419847700		
5.419849600		
5.420360600		
5.441791400	35.176.23.94	10.111.18.225
5.441976000	35.176.23.94	10.111.18.225
5.445260200		
5.445920100		
5.484661400	10.111.18.225	35.176.23.94
5.582495400		
5.582504100		
5.582826900		
5.583046400		
5.599904100		
8.067466100		
8.106101600		
8.195623500		
8.243741400		
8.446168500		
8.446363000		
8.446403000		
8.446437400		
8.446771400		
8.446925100		
8.446964400		
8.446999400		
8.447032700		
8.447066400		
8.461981100		
8.461984200		
8.472665900		
8.491661500		
8.504138100		
8.504140900		
8.504142200		
8.504143800		
8.504145100		
8.504146500		
8.504147800		
8.504149200		
8.504150500		
8.504152200		
8.504153700		
8.504155100		
8.504156500		
8.504170300		
8.504171800		
8.504173600		
8.504175000		
8.504176400		
8.504178100		
8.504179500		
8.504180900		
8.504182700		
8.504183900		
8.504185300		
8.504814500		
8.504816100		
8.504817200		
8.504818800		
8.504820600		
8.504821600		
8.504823100		
8.504824300		
8.504825400		
8.504826900		
8.504828000		
8.504829100		
8.504830400		
8.504836100		
8.504837600		
8.504839000		
8.504840300		
8.504841500		
8.504843000		
8.504844200		
8.504845300		
8.504846600		
8.504847700		
8.504848800		
8.504989300		
8.505247800		
8.505417700		
8.505675000		
8.505676000		
8.505676700		
8.505677800		
8.505678400		
8.505679100		
8.505679600		
8.505680300		
8.505681100		
8.505681900		
8.505682300		
8.505683100		
8.505691400		
8.505692200		
8.505693000		
8.505693700		
8.505694300		
8.505695300		
8.505695800		
8.505696600		
8.505697500		
8.505698100		
8.505698600		
8.505819900		
8.505974400		
8.506115700		
8.506360200		
8.510552800		
8.510554500		
8.510555700		
8.510557200		
8.510558300		
8.510559600		
8.510561300		
8.510562400		
8.510563600		
8.510610000		
8.510717600		
8.511163700		
8.511169600		
8.511173000		
8.511183800		
8.511188100		
8.511191000		
8.511195200		
8.511199100		
8.511202900		
8.511206400		
8.511210600		
8.511214100		
8.511218400		
8.511222400		
8.511225900		
8.511229700		
8.511233400		
8.511298300		
8.511300700		
8.511303600		
8.511306500		
8.511308800		
8.511310300		
8.511313000		
8.512045200		
8.512277300		
8.512321100		
8.512323200		
8.512324900		
8.512326600		
8.512328300		
8.512329900		
8.512331700		
8.512333300		
8.512339100		
8.512340800		
8.512342800		
8.512344500		
8.512346100		
8.512348300		
8.512350200		
8.512351900		
8.512353700		
8.512355500		
8.512357100		
8.512358900		
8.512360500		
8.512362300		
8.512363700		
8.512365100		
8.512366500		
8.512368200		
8.512370000		
8.512388000		
8.512390000		
8.512391500		
8.512392800		
8.512394200		
8.512419500		
8.512817600		
8.512827500		
8.512829000		
8.512830500		
8.512832000		
8.512833400		
8.512835300		
8.512836600		
8.512838300		
8.512839900		
8.512841200		
8.512842600		
8.512844100		
8.512845400		
8.512847300		
8.512848800		
8.512850200		
8.512851700		
8.512852900		
8.512854300		
8.512855600		
8.512857000		
8.512858100		
8.512859300		
8.512860500		
8.512861600		
8.512862600		
8.512884500		
8.512885400		
8.512886700		
8.512887900		
8.512889200		
8.512890400		
8.512965600		
8.513143300		
8.513199800		
8.513201300		
8.513202900		
8.513204400		
8.513205800		
8.513207300		
8.513208700		
8.513210200		
8.513211600		
8.513213100		
8.513214500		
8.513216300		
8.513217900		
8.513219700		
8.513221800		
8.513223400		
8.513224800		
8.513226500		
8.513227700		
8.513228900		
8.513230200		
8.513231400		
8.513232800		
8.513234600		
8.513236000		
8.513237500		
8.513252300		
8.513253600		
8.513254600		
8.513256100		
8.513257600		
8.513259000		
8.513393300		
8.513532500		
8.513538200		
8.513540700		
8.513543400		
8.513545900		
8.513549000		
8.513551800		
8.513662000		
8.513682400		
8.513683700		
8.513685200		
8.513687100		
8.513688400		
8.513689800		
8.513869700		
8.514004300		
8.514264900		
8.514449900		
8.514743900		
8.515191200		
8.515193200		
8.515194800		
8.515196600		
8.515198100		
8.515199600		
8.515201300		
8.515202700		
8.515203900		
8.515205500		
8.515206600		
8.515208100		
8.515219300		
8.515221400		
8.515222800		
8.515225100		
8.515226600		
8.515228000		
8.515229500		
8.515231400		
8.515232500		
8.515234000		
8.515235400		
8.515236800		
8.515238600		
8.515241600		
8.515270200		
8.515271700		
8.515273300		
8.515274900		
8.515276300		
8.515277600		
8.515798200		
8.515800500		
8.515802900		
8.515804700		
8.515806400		
8.515808300		
8.515810500		
8.515812400		
8.515814800		
8.515816600		
8.515876900		
8.516139700		
8.516172300		
8.516173900		
8.516175200		
8.516185200		
8.516186700		
8.516188000		
8.516189900		
8.516191400		
8.516192800		
8.516194500		
8.516195900		
8.516197500		
8.516199100		
8.516200300		
8.516201700		
8.516203100		
8.516223700		
8.516225100		
8.516226500		
8.516228900		
8.516230100		
8.516232500		
8.516235700		
8.516238000		
8.516240600		
8.516243100		
8.516245000		
8.516248100		
8.516251100		
8.516253500		
8.516255900		
8.516259600		
8.516284000		
8.516565900		
8.516567600		
8.516569300		
8.516570800		
8.516572200		
8.516574300		
8.516575900		
8.516577500		
8.516579200		
8.516580800		
8.516582600		
8.516584400		
8.516586000		
8.516587600		
8.516589000		
8.516590400		
8.516595000		
8.516631100		
8.516785500		
8.516919600		
8.517175800		
8.517319500		
8.517451400		
8.520653700		
8.520655500		
8.520656700		
8.520658200		
8.520659400		
8.520660700		
8.520662200		
8.520663500		
8.520664900		
8.520666300		
8.520667600		
8.520668800		
8.520678300		
8.520679800		
8.520681000		
8.520682500		
8.520683400		
8.520684400		
8.520685600		
8.520686600		
8.520687400		
8.521111100		
8.521112900		
8.521114600		
8.521116600		
8.521118300		
8.521119900		
8.521122000		
8.521123600		
8.521125300		
8.521127000		
8.521128600		
8.521130400		
8.521132300		
8.521142900		
8.521144800		
8.521146700		
8.521148400		
8.521150200		
8.521152300		
8.521154100		
8.521155800		
8.521157500		
8.521158900		
8.521160600		
8.521162400		
8.521164200		
8.521192700		
8.521194500		
8.521195900		
8.521197200		
8.521198800		
8.521200200		
8.521209900		
8.521429400		
8.521557700		
8.521683200		
8.522001300		
8.522149100		
8.523585800		
8.523588200		
8.524500900		
8.524503000		
8.524504200		
8.525257100		
8.525258600		
8.525259600		
8.525261100		
8.525262100		
8.525263100		
8.525264600		
8.525273600		
8.525275000		
8.525276200		
8.525277500		
8.525278500		
8.525279800		
8.525280700		
8.525281900		
8.525283200		
8.525284400		
8.525285600		
8.525286800		
8.525287700		
8.525288800		
8.525794700		
8.526044500		
8.527083700		
8.527085300		
8.527086800		
8.527088500		
8.527089700		
8.527090800		
8.527092200		
8.527093400		
8.527094700		
8.527096600		
8.527098000		
8.527099200		
8.527101100		
8.527110000		
8.527111700		
8.527112900		
8.527114100		
8.527115500		
8.527116800		
8.527118100		
8.527119500		
8.527120700		
8.527121900		
8.527123500		
8.527124800		
8.527126200		
8.527166700		
8.527167800		
8.527169000		
8.527170400		
8.527171400		
8.527172700		
8.527673900		
8.527675400		
8.527676900		
8.527678300		
8.527679700		
8.527681100		
8.527706100		
8.527715600		
8.527716900		
8.527718700		
8.527719900		
8.528170100		
8.528446400		
8.528596600		
8.528963700		
8.529377700		
8.530195900		
8.530198000		
8.530199000		
8.532144600		
8.532146500		
8.532147400		
8.532148900		
8.532150000		
8.532151200		
8.532152500		
8.532153500		
8.532154400		
8.532423400		
8.532424600		
8.532425700		
8.532427200		
8.532428300		
8.532429500		
8.532431000		
8.532432200		
8.532433400		
8.532434800		
8.532436000		
8.532437200		
8.532438500		
8.532439700		
8.532440800		
8.532442100		
8.532443100		
8.532444200		
8.532445500		
8.532446400		
8.532447400		
8.532448600		
8.532449500		
8.532450300		
8.532451900		
8.532452800		
8.532474400		
8.532476000		
8.532686500		
8.532930400		
8.533074500		
8.533403500		
8.545553100		
8.545555500		
8.545556600		
8.546014700		
8.546016900		
8.546017900		
8.546019400		
8.546020400		
8.546021400		
8.546023000		
8.546024000		
8.546025200		
8.546032600		
8.546033900		
8.546037300		
8.546038600		
8.546039500		
8.546040600		
8.546041800		
8.546043100		
8.546044100		
8.546045400		
8.546046300		
8.546047400		
8.546376500		
8.546377700		
8.546378900		
8.546414100		
8.546414600		
8.546415100		
8.546415900		
8.546417600		
8.546418600		
8.546419400		
8.546421100		
8.546422300		
8.546423200		
8.546424700		
8.546425500		
8.546426300		
8.546427700		
8.546428600		
8.546429200		
8.546430500		
8.546431100		
8.546431600		
8.546432500		
8.546433000		
8.546436700		
8.546437700		
8.546438300		
8.546438900		
8.546440000		
8.546440500		
8.546441200		
8.546442100		
8.546442700		
8.546699400		
8.546724300		
8.546726400		
8.546727000		
8.546727800		
8.546865500		
8.546932100		
8.546933300		
8.546934200		
8.546935200		
8.546936100		
8.546937100		
8.546938500		
8.546939500		
8.546940400		
8.546942100		
8.546963900		
8.546965300		
8.546966900		
8.546967800		
8.546968700		
8.546970200		
8.546971000		
8.546971900		
8.546973000		
8.546973700		
8.546974500		
8.546975900		
8.546976700		
8.546977500		
8.546991000		
8.546992000		
8.546992900		
8.547201900		
8.547394600		
8.547543200		
8.547753600		
8.547755300		
8.547756500		
8.547758200		
8.547759500		
8.547761000		
8.547762600		
8.547771000		
8.547772100		
8.547773500		
8.547774800		
8.547776000		
8.547777500		
8.547778700		
8.547780100		
8.547781500		
8.547782800		
8.547784100		
8.547785400		
8.547786600		
8.547787800		
8.547858400		
8.548019500		
8.548060700		
8.548062000		
8.548063100		
8.548064700		
8.548065900		
8.548067200		
8.548068600		
8.548069800		
8.548071100		
8.548072500		
8.548073700		
8.548074900		
8.548076400		
8.548077700		
8.548078900		
8.548080300		
8.548081500		
8.548082700		
8.548084300		
8.548085600		
8.548086800		
8.548088100		
8.548089100		
8.548090100		
8.548091400		
8.548092600		
8.548118500		
8.548151700		
8.548281600		
8.548719200		
8.548791500		
8.548793000		
8.548794200		
8.548795700		
8.548797100		
8.548798200		
8.548799800		
8.548801200		
8.548802100		
8.548803600		
8.548804900		
8.548806200		
8.548807900		
8.548812700		
8.548814200		
8.548815800		
8.548817000		
8.548818200		
8.548819400		
8.548820400		
8.548821400		
8.548823000		
8.548824000		
8.548825000		
8.549103700		
8.549310000		
8.549643400		
8.549831200		
8.551135500		
8.551137300		
8.551138300		
8.551139500		
8.551140400		
8.551141400		
8.551142900		
8.551143900		
8.551144700		
8.551146100		
8.551146900		
8.551147800		
8.551157200		
8.551158400		
8.551159800		
8.551161300		
8.551162500		
8.551163500		
8.551165000		
8.551166000		
8.551167000		
8.551168400		
8.551171100		
8.551172100		
8.551173300		
8.551174200		
8.551175100		
8.551198700		
8.551199700		
8.551200600		
8.551754900		
8.552069000		
8.552238400		
8.555219400		
8.555222000		
8.555223400		
8.555225400		
8.555227000		
8.555228600		
8.555230700		
8.555232300		
8.555233800		
8.555235600		
8.555237100		
8.555238900		
8.555247900		
8.555249400		
8.555251200		
8.555253000		
8.555254500		
8.555256100		
8.555257900		
8.555259400		
8.555261100		
8.555263300		
8.555264600		
8.555266200		
8.555886100		
8.556142100		
8.556143400		
8.556144500		
8.556146200		
8.556147400		
8.556148300		
8.556149500		
8.556150700		
8.556151800		
8.556153600		
8.556155100		
8.556156200		
8.556157600		
8.556167800		
8.556168400		
8.556170000		
8.556171600		
8.556172700		
8.556174000		
8.556175200		
8.556176200		
8.556177500		
8.556178800		
8.556179700		
8.556181000		
8.556182700		
8.556183500		
8.556200600		
8.556202000		
8.556202900		
8.556203600		
8.556204800		
8.556205800		
8.556315500		
8.556454400		
8.556506100		
8.556507700		
8.556508800		
8.556509800		
8.556511200		
8.556512400		
8.556513600		
8.556515100		
8.556516200		
8.556517300		
8.556518800		
8.556519900		
8.556521000		
8.556523000		
8.556524100		
8.556525200		
8.556526900		
8.556528000		
8.556528800		
8.556530400		
8.556531300		
8.556532100		
8.556533700		
8.556534500		
8.556535300		
8.556536600		
8.556551900		
8.556553100		
8.556554600		
8.556555600		
8.556556300		
8.556557500		
8.556798900		
8.556892800		
8.556893900		
8.556895500		
8.556896700		
8.556897900		
8.556899500		
8.556900600		
8.556901900		
8.556903800		
8.556904900		
8.556906100		
8.556907700		
8.556908800		
8.556916400		
8.556917900		
8.556919100		
8.556920100		
8.556921900		
8.556922800		
8.556923700		
8.556925300		
8.556926500		
8.556927600		
8.556929100		
8.556930200		
8.556931400		
8.556948000		
8.556950800		
8.556952800		
8.556955600		
8.556957400		
8.556959800		
8.556974900		
8.557113600		
8.557392000		
8.557469100		
8.557470300		
8.557471500		
8.557473000		
8.557474100		
8.557475200		
8.557476700		
8.557477800		
8.557478800		
8.557480400		
8.557481200		
8.557482700		
8.557484200		
8.557495600		
8.557496800		
8.557498400		
8.557499700		
8.557500800		
8.557502200		
8.557503600		
8.557504800		
8.557506500		
8.557507300		
8.557508500		
8.557509800		
8.557510800		
8.557529200		
8.557559600		
8.557698300		
8.557956800		
8.557958100		
8.557959200		
8.557960400		
8.557961600		
8.557962700		
8.557963900		
8.557964900		
8.557966200		
8.557967700		
8.557968700		
8.557969800		
8.557971100		
8.557971900		
8.557972800		
8.557973900		
8.557974700		
8.557975600		
8.557976800		
8.557977700		
8.557978800		
8.557980400		
8.557981300		
8.557982000		
8.557983400		
8.557984300		
8.557994100		
8.557994400		
8.558169100		
8.558253600		
8.558255100		
8.558256100		
8.558257700		
8.558262100		
8.558263800		
8.558314900		
8.558469200		
8.558800100		
8.558970500		
8.559097700		
8.559191200		
8.559192800		
8.559193900		
8.559195400		
8.559196500		
8.559197900		
8.559199500		
8.559200900		
8.559202100		
8.559203500		
8.559204700		
8.559206100		
8.559213600		
8.559214800		
8.559216000		
8.559354300		
8.559534300		
8.559674300		
8.563281900		
8.563283600		
8.563284500		
8.563286000		
8.563287400		
8.563288300		
8.563782000		
8.563783700		
8.563784600		
8.563786100		
8.563787300		
8.563788400		
8.563790200		
8.563803200		
8.563804500		
8.563806100		
8.563807200		
8.563808200		
8.563809400		
8.563810600		
8.563811600		
8.563813300		
8.563814600		
8.563816600		
8.563818300		
8.563819200		
8.563841700		
8.563843200		
8.563844000		
8.563844700		
8.563846300		
8.563847300		
8.563849100		
8.563851800		
8.563854800		
8.563856300		
8.563858600		
8.563860700		
8.563878300		
8.564145900		
8.564187800		
8.564189300		
8.564190400		
8.564191600		
8.564193200		
8.564194600		
8.564195700		
8.564197100		
8.564198300		
8.564199500		
8.564200800		
8.564201900		
8.564203000		
8.564204700		
8.564205800		
8.564206900		
8.564208500		
8.564209700		
8.564211000		
8.564212600		
8.564213900		
8.564215200		
8.564216600		
8.564217400		
8.564218400		
8.564219600		
8.564243300		
8.564244600		
8.564245700		
8.564246500		
8.564247400		
8.564248400		
8.564285100		
8.564419700		
8.564490700		
8.564491700		
8.564493000		
8.564494000		
8.564494800		
8.564495900		
8.564496900		
8.564497800		
8.564515600		
8.564516600		
8.564517400		
8.564518800		
8.564519800		
8.564521800		
8.564833200		
8.565035000		
8.565417500		
8.565783800		
8.565957400		
8.574273800		
8.574275500		
8.574276700		
8.574278400		
8.574282500		
8.574283700		
8.574285200		
8.574286100		
8.574287000		
8.574288400		
8.574289500		
8.574290700		
8.574298200		
8.574299200		
8.574300400		
8.574302100		
8.574303200		
8.574304900		
8.574306300		
8.574307500		
8.574308400		
8.574309800		
8.574311000		
8.574312000		
8.574313500		
8.574314400		
8.574332000		
8.574333500		
8.574334400		
8.574335200		
8.574336500		
8.574337200		
8.574782600		
8.574786300		
8.574788500		
8.574790700		
8.574793100		
8.574796400		
8.574798200		
8.574800600		
8.574803000		
8.574805500		
8.575034400		
8.575058300		
8.575059600		
8.575060800		
8.575062500		
8.575063700		
8.575064800		
8.575066200		
8.575067300		
8.575068400		
8.575070200		
8.575071400		
8.575072600		
8.575074500		
8.575076600		
8.575077800		
8.575079700		
8.575080800		
8.575082300		
8.575083700		
8.575084800		
8.575085800		
8.575087700		
8.575088800		
8.575089700		
8.575091300		
8.575092300		
8.575118100		
8.575119600		
8.575120400		
8.575121200		
8.575122900		
8.575123800		
8.575467400		
8.575486300		
8.575682500		
8.575838300		
8.576252500		
8.576490500		
8.577371100		
8.578766400		
8.581668600	10.111.18.225	65.9.62.32
8.581914700	10.111.18.225	65.9.62.32
8.583764100		
8.584439700		
8.584442200		
8.584443200		
8.584445000		
8.584446100		
8.584447200		
8.584449100		
8.584450300		
8.584451700		
8.584453900		
8.584455200		
8.584456400		
8.584464300		
8.584465400		
8.584466700		
8.585082500		
8.587272500		
8.587274700		
8.587275700		
8.587277200		
8.587278100		
8.587279100		
8.587536600		
8.587537500		
8.587538400		
8.587539700		
8.587540800		
8.587541700		
8.587543100		
8.587552500		
8.587553800		
8.587555300		
8.587556400		
8.587557500		
8.587559000		
8.587559900		
8.587561100		
8.587562500		
8.587563700		
8.587587500		
8.587589000		
8.587590200		
8.587617700		
8.587620100		
8.587629900		
8.587631100		
8.587633700		
8.587635200		
8.587636900		
8.587638800		
8.587640600		
8.587642200		
8.587644200		
8.587645300		
8.587768800		
8.587948900		
8.587950700		
8.587952000		
8.587953200		
8.588180400		
8.588398000		
8.589065000		
8.589178300		
8.589179800		
8.589181100		
8.589182700		
8.589183600		
8.589184600		
8.589186300		
8.589187400		
8.589188400		
8.589189800		
8.589190900		
8.589191900		
8.589194000		
8.589201400		
8.589202600		
8.589204500		
8.589205600		
8.589206500		
8.589208100		
8.589209100		
8.589210100		
8.589211700		
8.589213300		
8.589214300		
8.589215700		
8.589216600		
8.589239500		
8.589240800		
8.589241700		
8.589242400		
8.589244000		
8.589244700		
8.589588800		
8.589612800		
8.589614400		
8.589615200		
8.589616200		
8.589617800		
8.589618600		
8.589619800		
8.589621700		
8.589649900		
8.589651000		
8.589652500		
8.589653600		
8.589654400		
8.589656000		
8.589657200		
8.589657900		
8.589659600		
8.589660400		
8.589661400		
8.589662900		
8.589664000		
8.589665400		
8.589697100		
8.589698300		
8.589699100		
8.589700500		
8.589701300		
8.589702000		
8.589703400		
8.589704200		
8.589705000		
8.589706500		
8.589889800		
8.590014400		
8.590015500		
8.590016800		
8.590017500		
8.590034700		
8.590036000		
8.590037000		
8.590037800		
8.590039000		
8.590039800		
8.590040500		
8.590042000		
8.590042700		
8.590043600		
8.590045300		
8.590046100		
8.590047100		
8.590048500		
8.590069400		
8.590071100		
8.590072400		
8.590073700		
8.590074700		
8.590075500		
8.590077100		
8.590078100		
8.590078900		
8.590080400		
8.590081700		
8.590082700		
8.590083800		
8.590084800		
8.590085900		
8.590249300		
8.590579700		
8.590580900		
8.590582100		
8.590583700		
8.590584500		
8.590585100		
8.590586400		
8.590587100		
8.590587900		
8.590589000		
8.590590500		
8.590591300		
8.590591900		
8.590593400		
8.590594400		
8.590595100		
8.590596300		
8.590597000		
8.590597800		
8.590598100		
8.590599200		
8.590600000		
8.590600600		
8.590602200		
8.590602900		
8.590603700		
8.590604900		
8.590605700		
8.590606400		
8.590607800		
8.590608500		
8.590609100		
8.590610500		
8.590774800		
8.590919200		
8.590924600		
8.590926400		
8.590927900		
8.590928800		
8.590930000		
8.590932000		
8.590933200		
8.590934600		
8.590936900		
8.590938500		
8.590940000		
8.590942600		
8.590943900		
8.590953200		
8.590955200		
8.590956600		
8.590957900		
8.590959800		
8.590961200		
8.590962300		
8.591200700		
8.591358700		
8.591499700		
8.591769300		
8.591962800		
8.592125500		
8.592445600		
8.592672600		
8.595522700		
8.595524200		
8.595525400		
8.595527100		
8.595528500		
8.595529500		
8.595531300		
8.595532100		
8.595533100		
8.595534900		
8.595535900		
8.595536800		
8.595551200		
8.595558900		
8.595560200		
8.595561800		
8.595562800		
8.595563800		
8.595565100		
8.595566300		
8.595567400		
8.595568900		
8.595570000		
8.595571200		
8.595572500		
8.595573600		
8.595574500		
8.595598700		
8.595599500		
8.595600300		
8.595601600		
8.595602400		
8.596001900		
8.596004400		
8.596005800		
8.596007200		
8.596008800		
8.596009700		
8.596010800		
8.596245000		
8.596723500		
8.597084700		
8.597520400		
8.607540600		
8.610325100		
8.610327000		
8.610327900		
8.610329200		
8.610330300		
8.610331300		
8.610332700		
8.610333600		
8.610334700		
8.610336100		
8.610337500		
8.610338500		
8.610344100		
8.610345200		
8.610346300		
8.610347500		
8.610348500		
8.610349400		
8.610350800		
8.610351800		
8.610353000		
8.611053600		
8.611055300		
8.611056700		
8.611058600		
8.611059900		
8.611061500		
8.611063300		
8.611064600		
8.611065900		
8.611068000		
8.611069300		
8.611070500		
8.611072300		
8.611098100		
8.611099800		
8.611102200		
8.611104700		
8.611107000		
8.611109800		
8.611110100		
8.611112500		
8.611114900		
8.611117800		
8.611119900		
8.611121600		
8.611124200		
8.611125800		
8.611153000		
8.611154800		
8.611155600		
8.611156500		
8.611158100		
8.611159200		
8.611436200		
8.611594300		
8.611610300		
8.611612300		
8.611613300		
8.611614300		
8.611616000		
8.611617100		
8.611618400		
8.611620100		
8.611621300		
8.611622500		
8.611624300		
8.611625400		
8.611626700		
8.611632400		
8.611633600		
8.611634900		
8.611636300		
8.611637600		
8.611638500		
8.611640000		
8.611640900		
8.611641900		
8.611643500		
8.611644600		
8.611645500		
8.611647100		
8.611664800		
8.611666100		
8.611667500		
8.611668400		
8.611669100		
8.611943600		
8.612055800		
8.612056600		
8.612057600		
8.612059100		
8.612060000		
8.612061200		
8.612062300		
8.612063400		
8.612064500		
8.612082200		
8.612083000		
8.612083700		
8.612084700		
8.612085700		
8.612086500		
8.612087800		
8.612088500		
8.612089400		
8.612090600		
8.612091400		
8.612092300		
8.612093500		
8.612094300		
8.612113300		
8.612126300		
8.612127400		
8.612128300		
8.612129200		
8.612243700		
8.612449300		
8.612450600		
8.612451700		
8.612453300		
8.612454600		
8.612455800		
8.612457500		
8.612458700		
8.612460000		
8.612461600		
8.612462900		
8.612464300		
8.612465900		
8.612467800		
8.612469000		
8.612470800		
8.612471900		
8.612472600		
8.612473600		
8.612474700		
8.612475500		
8.612477200		
8.612478200		
8.612479100		
8.612480600		
8.612481500		
8.612488700		
8.612502500		
8.612503800		
8.612505000		
8.612506000		
8.612507600		
8.612508700		
8.612646300		
8.612759300		
8.612760700		
8.612764000		
8.612765600		
8.612767200		
8.612768200		
8.612769100		
8.612770600		
8.612771700		
8.612773900		
8.612788500		
8.612789700		
8.612790700		
8.612791900		
8.612793600		
8.612794600		
8.612795700		
8.612797100		
8.612798200		
8.612799000		
8.612800400		
8.612801400		
8.612803200	65.9.62.32	10.111.18.225
8.612804300		
8.612805500		
8.612827700		
8.612829300		
8.612830100		
8.612830900		
8.612832700		
8.612833400		
8.612834100		
8.612836900		
8.613013100		
8.613150500		
8.613151200		
8.613183500		
8.613263800		
8.613264500		
8.613265600		
8.613267100		
8.613267900		
8.613314500		
8.613315900		
8.613316800		
8.613317700		
8.613639300		
8.613903200		
8.614237000		
8.614433600		
8.614609200		
8.614976700		
8.615184800		
8.615747900		
8.615750300		
8.615751500		
8.615752900		
8.615754000		
8.615755200		
8.615757000		
8.615758400		
8.615759800		
8.615761700		
8.615762700		
8.615764200		
8.615766400		
8.615767500		
8.615768600		
8.615770200		
8.615771200		
8.615772200		
8.615773900		
8.615775100		
8.615776200		
8.615777700		
8.615778900		
8.615780000		
8.615782000		
8.615783100		
8.615837800		
8.615839400		
8.615840300		
8.615841100		
8.616466100		
8.616772400		
8.616774300		
8.616775400		
8.616778200		
8.616779500		
8.616781000		
8.616782700		
8.616789300		
8.616791000		
8.616793200		
8.616795700	65.9.62.32	10.111.18.225
8.616796400	65.9.62.32	10.111.18.225
8.616797900	65.9.62.32	10.111.18.225
8.616798500		
8.616939100		
8.617054100	10.111.18.225	65.9.62.32
8.617322500		
8.617754700	10.111.18.225	65.9.62.32
8.623791100		
8.625243000		
8.625755100		
8.626106600		
8.652093100		
8.652276300		
8.652315100		
8.652348800		
8.652396600		
8.652432700		
8.652469200		
8.653623700		
8.653625200		
8.653626100		
8.653627800	65.9.62.32	10.111.18.225
8.653628400		
8.653889600		
8.653990100		
8.654011500		
8.654024700		
8.654085000		
8.654187800		
8.654217900		
8.654278000		
8.654307400		
8.654517000		
8.654595900		
8.654642400		
8.678473900		
8.687510400		
8.689204600		
8.689206100		
8.689207000		
8.689207900		
8.689208700		
8.689209300		
8.690956200		
8.690959000		
8.690971000		
8.690973200		
8.691508200		
8.691798200		
8.691996900		
8.692078300		
8.693220200		
8.693491300		
8.693567900		
8.693847200		
8.693848100		
8.693877800		
8.693937800		
8.698212300		
8.698214100		
8.698215300		
8.698216500		
8.698217900		
8.698219300		
8.698228000		
8.698229400		
8.698230900		
8.698232300		
8.698233500		
8.698234900		
8.698236200		
8.698237400		
8.698238600		
8.698240100		
8.698241600		
8.698242900		
8.698244200		
8.698245600		
8.698246700		
8.698578600		
8.698580200		
8.698581700		
8.698583200		
8.698584800		
8.698586500		
8.698588000		
8.698589400		
8.698590800		
8.698592700		
8.698594200		
8.698595600		
8.698597400		
8.698599200		
8.698600900		
8.698602300		
8.698603800		
8.698605200		
8.698606900		
8.698608300		
8.698610000		
8.698924800		
8.699045600		
8.699047100		
8.699048300		
8.699049800		
8.699050900		
8.699052400		
8.699054100		
8.699055300		
8.699056500		
8.699058000		
8.699059300		
8.699060500		
8.699062000		
8.699069900		
8.699071400		
8.699072800		
8.699074000		
8.699075200		
8.699076600		
8.699077800		
8.699079000		
8.699268200		
8.699418600		
8.699568700		
8.700051500		
8.700053400		
8.700054800		
8.700057200		
8.700057300		
8.700059300		
8.700060900		
8.700062500		
8.700063600		
8.700064700		
8.700065900		
8.700067200		
8.700068200		
8.700297200		
8.700475700		
8.700843200		
8.701451300		
8.701453300		
8.701454300		
8.701456300		
8.701457300		
8.701458100		
8.701460100		
8.701461200		
8.701462400		
8.701464400		
8.701465300		
8.701466500		
8.701475800		
8.701477000		
8.701477900		
8.701807500		
8.701808800		
8.701810000		
8.701811500		
8.701812600		
8.701813800		
8.701815400		
8.701816500		
8.701817700		
8.701819400		
8.701820500		
8.701821800		
8.701823300		
8.701830700		
8.701832200		
8.701833700		
8.701834700		
8.701835600		
8.701837000		
8.701837900		
8.701838800		
8.701840500		
8.701841500		
8.701854300		
8.701858300		
8.701859600		
8.701964500		
8.702168700		
8.702291300		
8.702459200		
8.703253900		
8.703253900		
8.703604800		
8.711573500		
8.712951400		
8.713738600		
8.717343700		
8.717696000		
8.718437700		
8.718667500		
8.725382400		
8.725387000		
8.726725400		
8.726727000		
8.771726200		
8.773102800		
8.792118100		
8.792121200		
8.792123100		
8.792248900		
8.792763100		
8.794577400		
8.800579900		
8.801935000		
8.805007300		
8.812360500		
8.812489500		
8.875027700		
8.875030900		
8.875032000		
8.875033300		
8.875034200		
8.875035100		
8.875036300		
8.875037200		
8.875044900		
8.875046200		
8.875047200		
8.875048400		
8.875049700		
8.875050600		
8.875051500		
8.875052700		
8.875053800		
8.875054800		
8.875056000		
8.875056900		
8.875057900		
8.875185300		
8.875488300		
8.875489100		
8.875489600		
8.875490500		
8.875491000		
8.875491500		
8.875492300		
8.875492800		
8.875493400		
8.875494500		
8.875495000		
8.875495500		
8.875496700		
8.875497300		
8.875497800		
8.875498700		
8.875499200		
8.875499800		
8.875500800		
8.875501500		
8.875502600		
8.875571300		
8.876855100		
8.876859300		
8.876860700		
8.876863100		
8.876865400		
8.876868400		
8.876870700		
8.876872300		
8.877025000		
8.882311900		
8.883601100		
8.883603800		
8.883605100		
8.883615300		
8.883616600		
8.883775400		
8.893358000		
8.938433100		
9.027558900		
9.067027800		
9.067979900		
9.068731000		
9.068938000		
9.069858600		
9.069858600		
9.082407300		
9.082576700		
9.083247700		
9.083755500		
9.084603400		
9.085002300		
9.085004700		
9.085006800		
9.085008300		
9.085010500		
9.085012600		
9.085014400		
9.085016000		
9.090471800		
9.090481900		
9.090483800		
9.090485900		
9.090502900		
9.090590900		
9.090816600		
9.092875300		
9.092876900		
9.092881400		
9.092884500		
9.092885600		
9.092985900		
9.093056100		
9.093277100		
9.098332100		
9.098615300		
9.103932200		
9.103936000		
9.104073600		
9.110060500		
9.111171600		
9.111411400		
9.141016100		
9.143687200		
9.143691000		
9.146869200		
9.146872600		
9.148392600		
9.155749900		
9.167341600		
9.213780700		
9.218489400		
9.234664300		
9.283955100		
9.388907200		
9.457455800		
9.460555700		
9.469547500		
9.469986400		
9.473056500		
9.484148300		
9.565752300		
9.567407600		
9.567409000		
9.567410100		
9.567410800		
9.567963800		
9.581454500		
9.590543400		
9.609720400		
9.615197900		
9.619599000		
9.680476400		
9.681238300		
9.683418900		
9.683850200		
9.685086600		
9.698484700		
9.698487400		
9.698594600		
9.706809700		
9.739029800		
9.740671900		
9.740673800		
9.740674800		
9.740762400		
9.741092800		
9.741094300		
9.741099200		
9.741100900		
9.741101800		
9.741102600		
9.741103600		
9.741104300		
9.741105000		
9.741106500		
9.741116300		
9.741117300		
9.741118300		
9.741119100		
9.741120000		
9.741121200		
9.741121900		
9.741122700		
9.741123700		
9.741124500		
9.741125700		
9.741213000		
9.741561700		
9.742141600		
9.743452900		
9.745719600		
9.749972500		
9.753662100		
9.762071300		
9.762073400		
9.762074800		
9.762170500		
9.785974400		
9.786100700		
9.786147900		
9.836919500		
9.837056300		
9.837097800		
9.839111200		
9.839112700		
9.839113400		
9.839119400		
9.839121200		
9.839124200		
9.839125100		
9.839126300		
9.839127200		
9.839128200		
9.839129000		
9.839130300		
9.839139800		
9.839140500		
9.839141500		
9.839237000		
9.839345900		
9.839346500		
9.839359900		
9.851377200		
9.851379400		
9.851380500		
9.851381600		
9.851383300		
9.851465700		
9.852762700		
9.873192500		
9.873194600		
9.873196200		
9.873197100		
9.873198400		
9.873298400		
9.874501100		
9.884639500		
9.892275600		
9.892393100		
9.892393900		
9.894187200		
9.896482200		
9.898884000		
9.904998600		
9.905000900		
9.905120100		
9.930410900		
9.930774100		
9.931142400		
9.940806000		
9.941098800		
9.941099700		
9.941100200		
9.941101300		
9.941102500		
9.941103000		
9.941285500		
9.941348100		
9.941367900		
9.941385100		
9.941415300		
9.941443300		
9.941444400		
9.941445100		
9.941464900		
9.941465700		
9.941793300		
9.941844500		
9.942056900		
9.942094600		
9.943759300		
9.944053000		
9.944671500		
9.944673000		
9.944673600		
9.945666500		
9.945668000		
9.945941200		
9.946222300		
9.946224000		
9.946417100		
9.946704500		
9.947551400		
9.947811700		
9.947906200		
9.948098900		
9.948138000		
9.948440900		
9.948478000		
9.955682800		
9.955854000		
9.956855600		
9.956855600		
9.965678000		
9.974869600		
9.974871800		
9.974942100		
9.977746900		
9.982430200		
9.982715400		
9.982906700		
9.990244000		
9.990246700		
9.990258800		
9.990261100		
10.032466700		
10.034081100		
10.034083400		
10.034087300		
10.034088100		
10.034169500		
10.034657900		
10.040913800		
10.049517000		
10.058391100		
10.058394000		
10.058494200		
10.141835200		
10.141969700		
10.142020500		
10.142053900		
10.205499700		
10.205501700		
10.205502400		
10.205503000		
10.223267900		
10.231075300		
10.231610500		
10.241538300		
10.247869600		
10.413651200		
10.433443800		
10.446442100		
10.588767300		
10.592983000		
10.593545900		
10.613246000		
10.962957200		
11.016521400		
11.308926500		
11.332415400		
11.354951600		
11.398153100		
11.878022200		
11.878198400		
11.999936500		
12.000065800		
12.000103300		
12.000135700		
12.000167400		
12.000199200		
12.000229600		
12.000260400		
12.000289900		
12.000320200		
12.014471100		
12.015737600		
12.020288500		
12.020850000		
12.022902800		
12.022904500		
12.022905300		
12.022906700		
12.022907800		
12.022908600		
12.022909600		
12.022910400		
12.022911200		
12.022912200		
12.022913000		
12.022917300		
12.022918500		
12.022919300		
12.022920100		
12.022921100		
12.022922000		
12.022922800		
12.022923700		
12.022924500		
12.022925500		
12.022926600		
12.022927600		
12.022928400		
12.023372900		
12.023374000		
12.023374900		
12.023376400		
12.023377300		
12.023378200		
12.023379100		
12.023379900		
12.023380700		
12.023381700		
12.023382500		
12.023383300		
12.023384200		
12.023387700		
12.023388900		
12.023390100		
12.023390900		
12.023391900		
12.023392900		
12.023393700		
12.023394500		
12.023455600		
12.023662000		
12.023796600		
12.024062300		
12.024063600		
12.024064600		
12.024065800		
12.024066500		
12.024067200		
12.024068500		
12.024069300		
12.024070200		
12.024071300		
12.024072300		
12.024073400		
12.024077200		
12.024078100		
12.024078900		
12.024080000		
12.024080900		
12.024081700		
12.024083000		
12.024083900		
12.024085000		
12.024164200		
12.024349300		
12.024487900		
12.037006100		
12.039089200		
12.039090300		
12.039091200		
12.039092100		
12.039092900		
12.039094300		
12.039095100		
12.039095900		
12.039097000		
12.039097700		
12.039098500		
12.039099400		
12.039109600		
12.039111000		
12.039112200		
12.039113200		
12.039114200		
12.039115300		
12.039116100		
12.039117100		
12.039760600		
12.039762400		
12.039763900		
12.039770200		
12.039771800		
12.039773300		
12.039779700		
12.039781200		
12.039782800		
12.039788700		
12.039790400		
12.039792000		
12.039793600		
12.039807500		
12.039809500		
12.039815600		
12.039817500		
12.039819000		
12.039820900		
12.039827000		
12.039828800		
12.039830800		
12.039832400		
12.039833900		
12.039835500		
12.039836900		
12.039868200		
12.039870400		
12.039877400		
12.039879600		
12.039881600		
12.039887500		
12.040173600		
12.040645700		
12.040647200		
12.040650600		
12.040651600		
12.040652600		
12.040653400		
12.040654300		
12.040655400		
12.040656300		
12.040657000		
12.040658200		
12.040661800		
12.040662800		
12.040664100		
12.040664800		
12.040668300		
12.040669700		
12.040670600		
12.040671400		
12.040672500		
12.040673300		
12.040674200		
12.040675300		
12.040676400		
12.040677300		
12.040678600		
12.040679300		
12.040682700		
12.040683800		
12.040684600		
12.040685400		
12.040686500		
12.041027500		
12.041035900		
12.041036800		
12.041037900		
12.041038400		
12.041039000		
12.041570300		
12.042037400		
12.042235900		
12.042412200		
12.042413100		
12.042414000		
12.042415100		
12.042415900		
12.042416700		
12.042420500		
12.042428100		
12.042429400		
12.042430500		
12.042431300		
12.042435000		
12.042436500		
12.042437400		
12.042438300		
12.042439900		
12.042443400		
12.042444600		
12.042445700		
12.042446800		
12.042447800		
12.042452000		
12.042453300		
12.042454100		
12.042455400		
12.042456100		
12.042456500		
12.042457400		
12.042458400		
12.042479000		
12.042480200		
12.042481200		
12.042481900		
12.042891900		
12.042918600		
12.042920000		
12.042920600		
12.042921100		
12.042922300		
12.042922800		
12.042923300		
12.042924300		
12.042924800		
12.042925300		
12.042926400		
12.042927000		
12.042927900		
12.042932800		
12.042933600		
12.042934900		
12.042935500		
12.042936500		
12.042937700		
12.042938800		
12.042939400		
12.042940900		
12.042941800		
12.042942500		
12.042943500		
12.042944200		
12.042945200		
12.042946300		
12.042947100		
12.042950100		
12.042951200		
12.042952000		
12.043187100		
12.043338900		
12.043339800		
12.043340300		
12.043340800		
12.043341600		
12.043342100		
12.043342600		
12.043343700		
12.043344400		
12.043345000		
12.043345800		
12.043346200		
12.043346400		
12.043347000		
12.043352800		
12.043353400		
12.043354000		
12.043354800		
12.043355300		
12.043355800		
12.043356700		
12.043357200		
12.043357700		
12.043358900		
12.043359400		
12.043359900		
12.043360900		
12.043361500		
12.043362000		
12.043363000		
12.043364000		
12.043364500		
12.043365500		
12.043572300		
12.043635900		
12.043636400		
12.043637200		
12.043637800		
12.043638300		
12.043639200		
12.043639700		
12.043640200		
12.043641000		
12.043641500		
12.043641900		
12.043642600		
12.043643200		
12.043643800		
12.043644800		
12.043645400		
12.043645900		
12.043646900		
12.043647500		
12.043648000		
12.043649000		
12.043649600		
12.043650200		
12.043650900		
12.043651500		
12.043652100		
12.043653000		
12.043653900		
12.043654700		
12.043655800		
12.043656800		
12.043657900		
12.043706400		
12.043914200		
12.043981900		
12.043982400		
12.043982900		
12.043984000		
12.043984500		
12.043985000		
12.043985800		
12.043986300		
12.043987000		
12.043987800		
12.043988700		
12.043989300		
12.043990300		
12.043997200		
12.043998100		
12.043999000		
12.043999700		
12.044000300		
12.044001100		
12.044001800		
12.044002600		
12.044003400		
12.044003900		
12.044004500		
12.044005400		
12.044005900		
12.044006600		
12.044007500		
12.044008100		
12.044008700		
12.044009500		
12.044010200		
12.044184500		
12.044331400		
12.044340400		
12.044341200		
12.044341800		
12.044342400		
12.044343300		
12.044344200		
12.044344800		
12.044345600		
12.044346000		
12.044346600		
12.044347400		
12.044348100		
12.044348700		
12.044356900		
12.044357400		
12.044357900		
12.044358700		
12.044359300		
12.044360000		
12.044360800		
12.044361800		
12.044362400		
12.044363500		
12.044364200		
12.044364900		
12.044365800		
12.044366700		
12.044367300		
12.044368500		
12.044369000		
12.044369700		
12.044370900		
12.044463700		
12.044603400		
12.044759600		
12.044760300		
12.044761300		
12.044762000		
12.044762900		
12.044764000		
12.044764500		
12.044791500		
12.044793000		
12.044793900		
12.044794900		
12.044796200		
12.044797000		
12.044801700		
12.044802900		
12.044803600		
12.044804300		
12.044806000		
12.044806700		
12.044807500		
12.044808600		
12.044809400		
12.044810200		
12.044811200		
12.044811700		
12.044812900		
12.044814100		
12.044815000		
12.044815900		
12.044817500		
12.044818900		
12.044819900		
12.044876900		
12.045057200		
12.045203100		
12.045260200		
12.045261400		
12.045262600		
12.045263700		
12.045264400		
12.045265900		
12.045267000		
12.045267700		
12.045268900		
12.045270500		
12.045276900		
12.045278800		
12.045529600		
12.045693500		
12.045835000		
12.045973400		
12.045974300		
12.045975100		
12.045976000		
12.045976700		
12.045977700		
12.045978500		
12.045979200		
12.045979800		
12.045980900		
12.045981700		
12.045982300		
12.045983600		
12.045985000		
12.045986000		
12.045987000		
12.045987900		
12.045989300		
12.045991900		
12.045993200		
12.045994400		
12.045995600		
12.045996500		
12.045997600		
12.045998600		
12.045999500		
12.046000400		
12.046001500		
12.046002500		
12.046003300		
12.046004500		
12.046005400		
12.046056400		
12.046199800		
12.046257800		
12.046259000		
12.046259900		
12.046260500		
12.046261600		
12.046262400		
12.046263100		
12.046264200		
12.046265100		
12.046265900		
12.046267300		
12.046268300		
12.046269300		
12.046270800		
12.046271700		
12.046272700		
12.046274000		
12.046274900		
12.046275700		
12.046277100		
12.046277600		
12.046278200		
12.046279100		
12.046279700		
12.046280300		
12.046281100		
12.046281600		
12.046282500		
12.046283200		
12.046283700		
12.046284400		
12.046285400		
12.046325600		
12.046455700		
12.046515200		
12.046515800		
12.046516600		
12.046517100		
12.046517700		
12.046518500		
12.046519000		
12.046519500		
12.046520200		
12.046520900		
12.046521400		
12.046522100		
12.046522700		
12.046523200		
12.046524100		
12.046524600		
12.046525200		
12.046526000		
12.046526600		
12.046527500		
12.046555700		
12.046556500		
12.046557100		
12.046558000		
12.046558600		
12.046559300		
12.046560300		
12.046561000		
12.046561800		
12.046562800		
12.046563500		
12.046564200		
12.046676300		
12.046838400		
12.046900100		
12.046900600		
12.046901200		
12.046902000		
12.046902500		
12.046903000		
12.046904000		
12.046904800		
12.046905300		
12.046906100		
12.046906600		
12.046907100		
12.046908100		
12.046909000		
12.046909600		
12.046910400		
12.046911000		
12.046911800		
12.046913200		
12.046913700		
12.046914700		
12.046916000		
12.046916600		
12.046917100		
12.046918500		
12.046919100		
12.046919700		
12.046920600		
12.046921300		
12.046922100		
12.046923400		
12.046924300		
12.046984000		
12.047267600		
12.047280000		
12.047281000		
12.047281600		
12.047282300		
12.047283000		
12.047283500		
12.047284000		
12.047285000		
12.047285500		
12.047286000		
12.047287300		
12.047287800		
12.047288400		
12.047298000		
12.047298600		
12.047299200		
12.047300700		
12.047301500		
12.047302200		
12.047303100		
12.047303600		
12.047304300		
12.047305400		
12.047306000		
12.047407100		
12.047542900		
12.047834500		
12.047973300		
12.048110600		
12.048241300		
12.048455800		
12.048591100		
12.048720300		
12.048928700		
12.049102600		
12.049268800		
12.049485100		
12.049623500		
12.049754600		
12.050004300		
12.050151200		
12.055350800		
12.061381300		
12.061388200		
12.061389800		
12.061901000		
12.061902600		
12.061906200		
12.061907700		
12.061908600		
12.061909500		
12.061910800		
12.061911600		
12.061919900		
12.061921200		
12.061922200		
12.061923200		
12.061926700		
12.061927900		
12.061929000		
12.061930300		
12.061931200		
12.061932100		
12.061933300		
12.061934400		
12.061937700		
12.062360600		
12.062654600		
12.065848300		
12.065855100		
12.065856900		
12.065863200		
12.065865000		
12.065866700		
12.065868400		
12.065869900		
12.065876300		
12.065878600		
12.065880200		
12.065886300		
12.065888300		
12.065923400		
12.065927200		
12.066503900		
12.066735100		
12.072544300		
12.076969800		
12.077169500		
12.077231800		
12.077310100		
12.077378100		
12.077438200		
12.077501700		
12.077561300		
12.077620600		
12.077669400		
12.095606800		
12.095608100		
12.095609100		
12.097120300		
12.097121900		
12.104125200		
12.122340300		
12.522601800	10.111.18.225	185.125.190.57
12.526651700		
12.546434900		
12.554358300		
12.562609700		
12.563304000		
12.565279600	185.125.190.57	10.111.18.225
12.579072400		
12.597981800		
13.072701900		
13.113283000		
13.687105500		
13.730287500		
14.481818100		
14.497783700		
14.502453400		
14.515508800		
14.515867800		
14.609736000		
14.788694700		
14.813416500		
14.813533300		
14.923548500		
15.055267700		
15.058951000		
15.075756700		
15.086374000		
15.091640000		
15.096408000		
15.104554800		
15.116127700		
15.396954800	10.111.18.225	35.176.23.94
15.530454800	35.176.23.94	10.111.18.225
15.575549300	10.111.18.225	35.176.23.94
15.583985400		
15.637581900		
15.837610000		
15.896027500		
16.042421700		
16.047143900		
16.246853200		
16.349549000		
16.556163000		
16.657105500		
16.718843400		
16.728791900		
16.861687000		
16.861940300	74.161.90.12	10.111.18.225
16.963918000		
16.963921000		
17.013086400		
17.178962000		
17.271353400		
17.317589700	10.111.18.225	162.159.135.233
17.317782800	10.111.18.225	162.159.135.233
17.317981000	10.111.18.225	162.159.135.233
17.330958600	162.159.135.233	10.111.18.225
17.331122300	162.159.135.233	10.111.18.225
17.331124900	162.159.135.233	10.111.18.225
17.331126800	162.159.135.233	10.111.18.225
17.331127500	162.159.135.233	10.111.18.225
17.331129800	162.159.135.233	10.111.18.225
17.332339600	10.111.18.225	162.159.135.233
17.332601100	10.111.18.225	162.159.135.233
17.332759800	10.111.18.225	162.159.135.233
17.333151500	10.111.18.225	162.159.135.233
17.333219800	10.111.18.225	162.159.135.233
17.333264000	10.111.18.225	162.159.135.233
17.340504900	162.159.135.233	10.111.18.225
17.340506200	162.159.135.233	10.111.18.225
17.341068400	10.111.18.225	162.159.135.233
17.341119800	162.159.135.233	10.111.18.225
17.341819300	162.159.135.233	10.111.18.225
17.479074600		
17.480442200	162.159.135.233	10.111.18.225
17.520857000	10.111.18.225	162.159.135.233
17.522430900		
17.527969300		
17.528380900		
17.528688500		
17.529725200	162.159.135.233	10.111.18.225
17.531858000		
17.531859600		
17.531860300		
17.532059500		
17.532171200		
17.532192100		
17.532276900		
17.532342700		
17.532436200		
17.532466300		
17.532530700		
17.532572000		
17.535252900		
17.535254400		
17.535255100		
17.536253700		
17.536255100		
17.536255800		
17.544589700		
17.544930800		
17.545343700		
17.545611700		
17.546998100		
17.547000800		
17.547130600		
17.547371400		
17.547452300		
17.547500100		
17.548329300		
17.549331100		
17.549395600		
17.556414400		
17.556582100		
17.557331700		
17.557331700		
17.560700400	10.111.18.225	162.159.135.233
17.566670900		
17.566672400		
17.569660300		
17.569664100		
17.569796800		
17.570352100		
17.570753600		
17.571113600		
17.578608300		
17.578612600		
17.578771600		
17.579076900		
17.586768000		
17.594416700		
17.641040900		
17.731703500		
17.783252700		
18.192980600		
18.255509700		
18.255743300		
18.255797600		
18.255844000		
18.255888300		
18.255934500		
18.255993200		
18.256042000		
18.256088400		
18.256134600		
18.258026300		
18.295512400		
18.295516300		
18.303822400		
18.304481200		
18.304485400		
18.304488500		
18.304505100		
18.304507500		
18.304510700		
18.304517500		
18.304520700		
18.304523600		
18.304527800		
18.304530300		
18.304533500		
18.304536500		
18.304539000		
18.304541500		
18.304544800		
18.304550900		
18.304554400		
18.304559900		
18.304563900		
18.304567000		
18.304570100		
18.304573400		
18.304576000		
18.304579400		
18.304582400		
18.304585400		
18.304588700		
18.305423300		
18.305748700		
18.307175600		
18.307178900		
18.307181000		
18.307183400		
18.307185300		
18.307188900		
18.307193100		
18.307196700		
18.307199700		
18.307206000		
18.307209500		
18.307215000		
18.307216600		
18.307226200		
18.307227900		
18.307234300		
18.307237900		
18.307241400		
18.307245800		
18.307248000		
18.307250200		
18.307758900		
18.307997400		
18.310466600		
18.310469200		
18.310470900		
18.310472700		
18.310474000		
18.310475400		
18.310481600		
18.310484700		
18.310486500		
18.310488700		
18.310490400		
18.310492200		
18.310494100		
18.310502200		
18.310503900		
18.310506500		
18.310510000		
18.310512100		
18.310516100		
18.310518600		
18.310520500		
18.310522600		
18.310524500		
18.310526900		
18.310953000		
18.310954800		
18.310956300		
18.310957900		
18.310959400		
18.310960800		
18.310964500		
18.310966400		
18.310968100		
18.310971800		
18.310973800		
18.310975300		
18.310977200		
18.310982800		
18.310984800		
18.310986900		
18.310989200		
18.310991400		
18.310996000		
18.310999300		
18.311003400		
18.311008200		
18.311015300		
18.311019100		
18.311024100		
18.311025800		
18.311027500		
18.311030200		
18.311034400		
18.311037900		
18.311041400		
18.311045600		
18.311108600		
18.311355400		
18.311357200		
18.311358700		
18.311360300		
18.311362300		
18.311363800		
18.311366600		
18.311368900		
18.311370400		
18.311370800		
18.311372600		
18.311518800		
18.311653200		
18.311778400		
18.311780500		
18.311790600		
18.311792700		
18.311794700		
18.311796400		
18.311800100		
18.311802000		
18.311805300		
18.311807900		
18.311809700		
18.311811400		
18.311814000		
18.311816700		
18.311819100		
18.311821500		
18.311823300		
18.311825500		
18.311827200		
18.311829200		
18.311831200		
18.311833400		
18.311835600		
18.311840600		
18.311843400		
18.311849700		
18.311853200		
18.311857400		
18.311859600		
18.311861700		
18.311863900		
18.311866300		
18.312074000		
18.312124600		
18.312125800		
18.312126700		
18.312127700		
18.312250100		
18.312388500		
18.312471500		
18.312472900		
18.312475600		
18.312478200		
18.312479700		
18.312482000		
18.312485600		
18.312487000		
18.312488600		
18.312490900		
18.312492300		
18.312494100		
18.312680500		
18.312874100		
18.313055500		
18.313146600		
18.313148200		
18.313149500		
18.313150900		
18.313151900		
18.313152900		
18.313155500		
18.313156800		
18.313157900		
18.313159000		
18.313163000		
18.313165000		
18.313167300		
18.313173800		
18.313175400		
18.313177300		
18.313178500		
18.313186400		
18.313190100		
18.313191900		
18.313193600		
18.313343200		
18.313478600		
18.313612400		
18.313662400		
18.313664300		
18.313666100		
18.313667900		
18.313669200		
18.313670700		
18.313672800		
18.313676400		
18.313679300		
18.313683100		
18.313686600		
18.313693300		
18.313701100		
18.313704400		
18.313706500		
18.313708700		
18.313710600		
18.313714600		
18.313718500		
18.313721600		
18.313725500		
18.313756200		
18.314050500		
18.314206300		
18.314564600		
18.314566700		
18.314568300		
18.314570100		
18.314571800		
18.314573700		
18.314888900		
18.315168200		
18.315172100		
18.315174400		
18.315176600		
18.315178600		
18.315180800		
18.315183100		
18.315191900		
18.315194200		
18.315196000		
18.315199700		
18.315202000		
18.315205700		
18.315207500		
18.315209200		
18.315211200		
18.315212800		
18.315214700		
18.315216500		
18.315218700		
18.315220600		
18.315650400		
18.315910300		
18.316334400		
18.316336600		
18.316338900		
18.316340500		
18.316342300		
18.316344100		
18.316350500		
18.316353900		
18.316355900		
18.316358200		
18.316360000		
18.316362200		
18.316364200		
18.316372000		
18.316374300		
18.316376500		
18.316380400		
18.316382600		
18.316386800		
18.316389100		
18.316391400		
18.316393300		
18.316395000		
18.316397200		
18.316943500		
18.317196500		
18.317865800		
18.317868100		
18.317869600		
18.317871800		
18.317873400		
18.317874600		
18.317880200		
18.317882700		
18.317884800		
18.317886600		
18.317888500		
18.317890800		
18.317892200		
18.317899700		
18.317901700		
18.317903400		
18.317906100		
18.317908500		
18.317912200		
18.317914000		
18.317916300		
18.317918000		
18.317919500		
18.317921700		
18.317923400		
18.317925200		
18.318507600		
18.319068600		
18.319071400		
18.319074100		
18.319076600		
18.319078600		
18.319080800		
18.319083700		
18.319088600		
18.319093300		
18.319097800		
18.319102500		
18.319102800		
18.319110900		
18.319114700		
18.319125400		
18.319127900		
18.319130200		
18.319132700		
18.319137600		
18.319396000		
18.319454400		
18.319456500		
18.319458700		
18.319463600		
18.319465300		
18.319466600		
18.319473800		
18.319476600		
18.319481400		
18.319483500		
18.319485300		
18.319487800		
18.319489800		
18.319492000		
18.319493900		
18.319496600		
18.319503300		
18.319505600		
18.319509300		
18.319514400		
18.319516600		
18.319519000		
18.319521200		
18.319523500		
18.319874100		
18.320146900		
18.320282400		
18.320285100		
18.320288000		
18.320290100		
18.320291900		
18.320293400		
18.320299200		
18.320301600		
18.320306800		
18.320309100		
18.320313800		
18.320317000		
18.320321900		
18.320331900		
18.320334400		
18.320336900		
18.320340700		
18.320343400		
18.320347300		
18.320349800		
18.320353400		
18.320375000		
18.320589100		
18.320980200		
18.321174200		
18.322484900		
18.322488700		
18.322491500		
18.322494300		
18.322496500		
18.322499100		
18.322501200		
18.322503400		
18.322506200		
18.322510600		
18.322514800		
18.322518700		
18.322951200		
18.322972700		
18.322976700		
18.322981000		
18.322983100		
18.322985200		
18.322988000		
18.322992700		
18.322996600		
18.323000500		
18.323004500		
18.323007800		
18.323010800		
18.323015800		
18.323020500		
18.323026200		
18.323069000		
18.323082900		
18.323085700		
18.323089400		
18.323092200		
18.323098500		
18.323105100		
18.323110200		
18.323113500		
18.323118600		
18.323124500		
18.323127100		
18.323130400		
18.323133400		
18.323138600		
18.323145000		
18.323191600		
18.323445000		
18.323534400		
18.323543500		
18.323552200		
18.323555500		
18.323562400		
18.323564400		
18.323571300		
18.323574400		
18.323580300		
18.323582700		
18.323588100		
18.323593900		
18.323602000		
18.323613200		
18.323616000		
18.323617900		
18.323620100		
18.323625000		
18.323629700		
18.323634200		
18.323636500		
18.323637500		
18.323639200		
18.323641900		
18.324023800		
18.324228300		
18.324408800		
18.324580100		
18.325774600		
18.325780100		
18.325782800		
18.325785200		
18.325791100		
18.325799100		
18.325804400		
18.325806800		
18.325811800		
18.325817200		
18.325820400		
18.325822700		
18.325831200		
18.325836100		
18.325839600		
18.325845600		
18.325848400		
18.325853400		
18.325856200		
18.325860500		
18.325864400		
18.326195600		
18.326200700		
18.326204300		
18.326207600		
18.326210500		
18.326213600		
18.326219200		
18.326221800		
18.326227800		
18.326230400		
18.326232500		
18.326234400		
18.326237600		
18.326241600		
18.326243500		
18.326245900		
18.326248200		
18.326250600		
18.326253000		
18.326255300		
18.326257100		
18.326259200		
18.326261700		
18.326263900		
18.326381100		
18.326624300		
18.326784100		
18.327121900		
18.333388200		
18.333391400		
18.333394000		
18.333396300		
18.333401100		
18.333407000		
18.333410000		
18.333412300		
18.333898000		
18.343738500		
18.344338800		
18.518701000		
18.518702100		
18.518702700		
18.518703200		
18.565879300		
18.570680400		
18.938146500		
18.987638200		
19.060234900		
19.095856300		
20.359305000		
20.365893000		
20.561227100		
20.596394000		
20.597054500		
20.597254400		
20.604286900		
20.811455300		
20.813051700	162.159.135.234	10.111.18.225
20.813130600	10.111.18.225	162.159.135.234
20.820383600	162.159.135.234	10.111.18.225
20.820485700	10.111.18.225	162.159.135.234
20.832774900	162.159.135.234	10.111.18.225
20.839571600		
20.848423400		
20.874114400	10.111.18.225	162.159.135.234
20.877824700	162.159.135.234	10.111.18.225
20.882585700		
20.922996400	10.111.18.225	162.159.135.234
21.058715500		
21.162486100		
21.166629100	10.111.18.225	35.176.23.94
21.264978200	35.176.23.94	10.111.18.225
21.370581300		
21.477492400		
21.681196600		
21.776812000		
21.821332200		
21.871038600		
21.978455500		
22.084643900		
22.391230400	20.50.80.213	10.111.18.225
22.487694400		
22.489045300		
22.489242000		
22.523119200		
22.527016100		
22.546510700		
22.554117100		
22.563318300		
22.563320200		
22.572090700		
22.576190100		
22.576322200		
22.576358800		
22.576391000		
22.576422500		
22.576454000		
22.576483800		
22.576514500		
22.576549800		
22.576582200		
22.596214800		
22.596216500		
22.596217100		
22.601418000		
22.601422100		
22.601423100		
22.601424100		
22.601425100		
22.601426100		
22.601427200		
22.601473600		
22.601474500		
22.601475300		
22.601476300		
22.601477100		
22.601478000		
22.601478900		
22.601480200		
22.601481200		
22.601482300		
22.601483300		
22.601484200		
22.601485100		
22.601486100		
22.601487100		
22.601488000		
22.601511200		
22.602090900		
22.602531000		
22.602730800		
22.604151800		
22.604154200		
22.604155900		
22.604157200		
22.604158700		
22.604159700		
22.604161400		
22.604162900		
22.604164600		
22.604166300		
22.604167900		
22.604169400		
22.604170600		
22.604177900		
22.604179400		
22.604181000		
22.604182500		
22.604184100		
22.604185800		
22.604187500		
22.604188800		
22.604661800		
22.604882300		
22.604967900		
22.604969100		
22.604970000		
22.604971000		
22.604971700		
22.604972300		
22.604973500		
22.604974500		
22.604975300		
22.604976100		
22.604976900		
22.604977600		
22.604978600		
22.604979600		
22.604980600		
22.604981700		
22.604982700		
22.604983500		
22.604984400		
22.604985300		
22.604986100		
22.604987500		
22.604988100		
22.604989500		
22.605399200		
22.605583700		
22.606129900		
22.606131700		
22.606132900		
22.606134200		
22.606134900		
22.606135700		
22.606136600		
22.606137600		
22.606138000		
22.606138800		
22.606139800		
22.606140800		
22.606141600		
22.606145200		
22.606146400		
22.606147600		
22.606148600		
22.606149400		
22.606150700		
22.606483400		
22.606680300		
22.607940900		
22.607942500		
22.607943600		
22.607945400		
22.607946400		
22.607947300		
22.607948700		
22.607950000		
22.607950900		
22.607952300		
22.607953300		
22.607954100		
22.607955800		
22.607962500		
22.607963700		
22.607964700		
22.607965600		
22.607966100		
22.607967100		
22.607968100		
22.607969000		
22.607970100		
22.607971000		
22.607972100		
22.608229700		
22.608230500		
22.608231200		
22.608232100		
22.608232900		
22.608233600		
22.608234500		
22.608235300		
22.608236000		
22.608237000		
22.608237800		
22.608238400		
22.608239300		
22.608243900		
22.608245300		
22.608246400		
22.608247200		
22.608248000		
22.608248900		
22.608249700		
22.608388700		
22.608598200		
22.608732900		
22.608888700		
22.609156500		
22.610497200		
22.610498900		
22.610500000		
22.610711200		
22.610712200		
22.610713100		
22.610714400		
22.610715300		
22.610716200		
22.610717300		
22.610718400		
22.610719300		
22.610723000		
22.610723700		
22.610724500		
22.610725700		
22.610726700		
22.610727600		
22.610728800		
22.610730100		
22.610730900		
22.610732000		
22.610733000		
22.610734100		
22.610735100		
22.610736000		
22.610736500		
22.610737600		
22.610738100		
22.610739000		
22.610767100		
22.610768000		
22.610768600		
22.610769500		
22.610770200		
22.610995700		
22.610997000		
22.610997900		
22.610998700		
22.610999900		
22.611000700		
22.611001500		
22.611117900		
22.611342100		
22.611481900		
22.611757500		
22.611758900		
22.611759700		
22.611760800		
22.611761900		
22.611767600		
22.611768700		
22.611769500		
22.611770500		
22.611771700		
22.611772700		
22.611773700		
22.611775100		
22.611776000		
22.611777100		
22.611777600		
22.611778700		
22.611780000		
22.611781000		
22.611782300		
22.611783200		
22.611784100		
22.611785500		
22.611786800		
22.611812800		
22.611813900		
22.611814600		
22.611815300		
22.612141300		
22.612327800		
22.612474800		
22.613313800		
22.613315800		
22.613316700		
22.613318000		
22.613319000		
22.613320000		
22.613321200		
22.613322100		
22.613323000		
22.613324400		
22.613325200		
22.613532200		
22.613536400		
22.613537600		
22.613538700		
22.613540100		
22.613541000		
22.613542200		
22.613543100		
22.613544100		
22.613545500		
22.613546500		
22.613547400		
22.613548900		
22.613550000		
22.613550900		
22.613552200		
22.613553200		
22.613554300		
22.613555500		
22.613594700		
22.613595800		
22.613734100		
22.613935900		
22.614066800		
22.615588100		
22.615589600		
22.615590500		
22.615592200		
22.615593100		
22.615593900		
22.615595000		
22.615595800		
22.615596400		
22.615597800		
22.615598300		
22.615599100		
22.615600500		
22.615605300		
22.615606800		
22.615608300		
22.615609300		
22.615610200		
22.615611500		
22.615612400		
22.615613400		
22.615614600		
22.615615500		
22.615616500		
22.615617600		
22.615618400		
22.615619500		
22.615620900		
22.615621900		
22.615623000		
22.615917600		
22.615918700		
22.615919300		
22.615919800		
22.616377500		
22.616815000		
22.616938700		
22.616940200		
22.616941100		
22.616942200		
22.616943000		
22.616943900		
22.616945000		
22.616946200		
22.616947000		
22.616954300		
22.616955100		
22.616956000		
22.616957200		
22.616958100		
22.616959000		
22.616960200		
22.616961100		
22.616962100		
22.616963500		
22.616964800		
22.616965700		
22.616967100		
22.616967700		
22.616968900		
22.616970300		
22.616971700		
22.617004200		
22.617005400		
22.617006200		
22.617006900		
22.617008100		
22.617008900		
22.617032200		
22.617341000		
22.617366600		
22.617367500		
22.617368000		
22.617368500		
22.617369400		
22.617370000		
22.617370500		
22.617371400		
22.617372000		
22.617372700		
22.617518100		
22.617653300		
22.617886400		
22.618041800		
22.618044200		
22.618045400		
22.618047000		
22.618048800		
22.618050200		
22.618053000		
22.618054300		
22.618056000		
22.618057800		
22.618059700		
22.618061400		
22.618063000		
22.618072200		
22.618073600		
22.618075400		
22.618077000		
22.618078800		
22.618080300		
22.618439200		
22.618665300		
22.620227100		
22.620228700		
22.620229700		
22.620535300		
22.620536300		
22.620537300		
22.620538400		
22.620539200		
22.620540000		
22.620540900		
22.620541900		
22.620542600		
22.620544100		
22.620550000		
22.620551200		
22.620552300		
22.620553200		
22.620554000		
22.620555500		
22.620556500		
22.620557400		
22.620558400		
22.620559500		
22.620560400		
22.620561400		
22.620562400		
22.620563500		
22.620564800		
22.620565700		
22.620566600		
22.620590700		
22.620616000		
22.620616800		
22.620617500		
22.620618500		
22.620619300		
22.620896200		
22.620897200		
22.620898100		
22.620898900		
22.620900100		
22.620901100		
22.620902200		
22.620903500		
22.620905000		
22.620906000		
22.620907300		
22.620908600		
22.620909800		
22.620913500		
22.620914700		
22.620915900		
22.620917100		
22.620918400		
22.620919800		
22.620934400		
22.621091700		
22.621225800		
22.621464500		
22.621626600		
22.622225400		
22.622226500		
22.622227300		
22.622228200		
22.622229300		
22.622230200		
22.622231200		
22.622232000		
22.622232800		
22.622233800		
22.622234800		
22.622235700		
22.622241400		
22.622242400		
22.622243200		
22.622244000		
22.622245200		
22.622246400		
22.622247400		
22.622248500		
22.622249200		
22.622250100		
22.622592700		
22.622593800		
22.622594700		
22.622596000		
22.622596900		
22.622597700		
22.622598800		
22.622599600		
22.622600600		
22.622601900		
22.622602900		
22.622603700		
22.622605000		
22.622609900		
22.622611200		
22.622612600		
22.622613500		
22.622614400		
22.622615700		
22.622616600		
22.622617500		
22.622666300		
22.622868400		
22.622996500		
22.623268000		
22.623273700		
22.623275400		
22.623276600		
22.623278100		
22.623279200		
22.623280000		
22.623281500		
22.623282400		
22.623283400		
22.623284800		
22.623285600		
22.623286400		
22.623292500		
22.623293300		
22.623294600		
22.623295900		
22.623296900		
22.623297700		
22.623299000		
22.623299800		
22.623300900		
22.623686300		
22.623892300		
22.624876700		
22.624878100		
22.624879100		
22.624880300		
22.624881300		
22.624882400		
22.624883600		
22.624884600		
22.624885800		
22.624887000		
22.624888100		
22.624889400		
22.624890600		
22.624898600		
22.624899600		
22.624900500		
22.624901500		
22.624902500		
22.624903600		
22.624904500		
22.624905400		
22.625308200		
22.625494600		
22.629759000		
22.629761400		
22.629762900		
22.629764800		
22.629766300		
22.629767700		
22.629769800		
22.629771400		
22.629772800		
22.629774800		
22.629776300		
22.629777900		
22.629780000		
22.629794600		
22.629796300		
22.629797800		
22.629800000		
22.629801600		
22.629803300		
22.630461500		
22.630506600		
22.630509000		
22.630510900		
22.630512500		
22.630514800		
22.630516600		
22.630518500		
22.630520300		
22.630522500		
22.630524600		
22.630526300		
22.630528200		
22.630529900		
22.630536800		
22.630538500		
22.630540600		
22.630542700		
22.630544700		
22.630546800		
22.630549700		
22.630551900		
22.630730200		
22.630854500		
22.630985500		
22.632299300		
22.632302900		
22.632305700		
22.632310000		
22.632312800		
22.632316700		
22.632320200		
22.632322800		
22.632325200		
22.632328700		
22.632331400		
22.632333700		
22.632342500		
22.632346400		
22.632349600		
22.632351600		
22.632354400		
22.632357300		
22.632813800		
22.632815700		
22.632817000		
22.632818300		
22.632819300		
22.632820500		
22.632821800		
22.632823000		
22.632824400		
22.632825500		
22.632826800		
22.632827800		
22.632851600		
22.632852700		
22.632853500		
22.632854700		
22.632855700		
22.632856600		
22.632857700		
22.632859100		
22.632860100		
22.632861100		
22.632862200		
22.632863200		
22.632864500		
22.632865500		
22.632866600		
22.632867800		
22.632887600		
22.632888600		
22.632890000		
22.632890900		
22.633117000		
22.633117900		
22.633118700		
22.633119500		
22.633453200		
22.633832800		
22.633985200		
22.634118500		
22.634283600		
22.634285300		
22.634286700		
22.634289100		
22.634290500		
22.634291800		
22.634293900		
22.634295400		
22.634297300		
22.634299300		
22.634300800		
22.634302500		
22.634304600		
22.634306000		
22.634307100		
22.634309500		
22.634388800		
22.634390400		
22.634392600		
22.634394300		
22.634395900		
22.634397300		
22.634399100		
22.634401000		
22.634402700		
22.634404500		
22.634406300		
22.634408400		
22.634410300		
22.634411800		
22.634454000		
22.634455000		
22.634471700		
22.634644700		
22.634771000		
22.634827000		
22.634828700		
22.634830000		
22.634830700		
22.634873300		
22.634874600		
22.634875700		
22.635007600		
22.635158500		
22.635290600		
22.637414900		
22.637416500		
22.637417400		
22.637418700		
22.637419800		
22.637420800		
22.637422100		
22.637423100		
22.637423900		
22.637424800		
22.637425600		
22.637426600		
22.637427500		
22.637433400		
22.637434700		
22.637435900		
22.637436700		
22.637437700		
22.637438800		
22.637439800		
22.637440700		
22.637939600		
22.638202600		
22.638242600		
22.638244900		
22.638246200		
22.638247800		
22.638249000		
22.638250200		
22.638252400		
22.638253700		
22.638254900		
22.638256500		
22.638257800		
22.638259200		
22.638260900		
22.638273200		
22.638274500		
22.638276200		
22.638277500		
22.638279000		
22.638280400		
22.638281600		
22.638283200		
22.638509900		
22.638657000		
22.638873300		
22.638874800		
22.638875800		
22.638877400		
22.638878400		
22.638879300		
22.638880500		
22.638881700		
22.638882500		
22.638883600		
22.638884600		
22.638885400		
22.638886300		
22.638893300		
22.638894700		
22.638896200		
22.638897400		
22.638898700		
22.638900000		
22.638901500		
22.638902700		
22.639287000		
22.639485800		
22.639875100		
22.639876200		
22.639877100		
22.639878100		
22.639878900		
22.639879700		
22.639881000		
22.639881800		
22.639882500		
22.639883400		
22.639884200		
22.639885000		
22.639885700		
22.639891200		
22.639892000		
22.639892800		
22.639893400		
22.639894100		
22.639894900		
22.639895700		
22.639896300		
22.640249400		
22.640352000		
22.640353200		
22.640354200		
22.640355300		
22.640356200		
22.640357200		
22.640358600		
22.640359500		
22.640360200		
22.640361200		
22.640362100		
22.640362900		
22.640364100		
22.640369600		
22.640370700		
22.640371900		
22.640372700		
22.640373700		
22.640374800		
22.640375800		
22.640376700		
22.640464800		
22.640601600		
22.640857100		
22.641290300		
22.641291400		
22.641302700		
22.641633000		
22.648277000		
22.648401000		
22.648570000		
22.648657300		
22.648696900		
22.648728000		
22.648759200		
22.648791500		
22.648822300		
22.648871400		
22.653658500		
22.653659300		
22.666384300		
22.666386300		
22.673518900		
22.673521300		
22.674019500		
22.690415200		
22.691673100		
22.904466700		
22.945836700		
23.327759900		
23.417420700		
23.518972400		
23.560466200		
24.337107400		
24.337348600		
24.345229900		
25.022640600		
25.059430800		
25.395674900	10.111.18.225	35.176.23.94
25.436129600	35.176.23.94	10.111.18.225
25.436722300	35.176.23.94	10.111.18.225
25.490440200	10.111.18.225	35.176.23.94
25.592487300		
25.640655300		
25.707362000	162.159.135.234	10.111.18.225
25.750666400	10.111.18.225	162.159.135.234
26.036826200		
26.073237700		
27.211773100		
27.215168900		
27.647022800		
27.647212600		
27.647271600		
27.647314500		
27.647358000		
27.647406000		
27.647449800		
27.647488300		
27.647532200		
27.647568200		
27.671149900		
27.671793700		
27.677111200		
27.677118100		
27.677120500		
27.677679300		
27.678057500		
27.678061500		
27.678066700		
27.678074900		
27.678079800		
27.678084100		
27.678088900		
27.678093400		
27.678095700		
27.678098100		
27.678100200		
27.678104600		
27.678108300		
27.678119800		
27.678123200		
27.678128000		
27.678129800		
27.678133400		
27.678136600		
27.678141100		
27.678143200		
27.678145900		
27.678147900		
27.678149700		
27.678542400		
27.678977400		
27.679753500		
27.679764900		
27.679767400		
27.679771000		
27.679772700		
27.679774900		
27.679781400		
27.679785800		
27.679788100		
27.679789700		
27.679792600		
27.679794400		
27.679797100		
27.679805200		
27.680317500		
27.680545300		
27.680550100		
27.680553500		
27.680557000		
27.680558800		
27.680563500		
27.680570100		
27.680574100		
27.680576100		
27.680580900		
27.680583000		
27.680585300		
27.680588200		
27.680591700		
27.680598400		
27.680601600		
27.680605400		
27.680609200		
27.680613200		
27.680617700		
27.680619400		
27.680623100		
27.680625200		
27.680629900		
27.680632400		
27.680913000		
27.681074500		
27.681226300		
27.681228700		
27.681231000		
27.681233500		
27.681240700		
27.681243400		
27.681245800		
27.681247300		
27.681249700		
27.681255400		
27.681257400		
27.681259600		
27.681263200		
27.681271600		
27.681273700		
27.681276600		
27.681278400		
27.681280700		
27.681282900		
27.681285300		
27.681287300		
27.681636500		
27.681993600		
27.682295200		
27.682302600		
27.682305700		
27.682309600		
27.682312300		
27.682317700		
27.682325300		
27.682330400		
27.682332700		
27.682764000		
27.683312400		
27.683320200		
27.683322600		
27.683337100		
27.683338800		
27.683343400		
27.683347200		
27.683353900		
27.683356100		
27.683362400		
27.683364700		
27.683368900		
27.683373400		
27.683377400		
27.683379700		
27.683383300		
27.683391100		
27.683395800		
27.683401800		
27.683404100		
27.683406700		
27.683409000		
27.683413700		
27.683416200		
27.683866700		
27.683869500		
27.683871700		
27.683873800		
27.683875500		
27.683878100		
27.683882100		
27.683885500		
27.683887700		
27.683891200		
27.683893900		
27.683896300		
27.683899100		
27.683904700		
27.683906800		
27.683908800		
27.683912800		
27.683914600		
27.683916200		
27.683917800		
27.683919700		
27.683921500		
27.683923100		
27.683924800		
27.684036800		
27.684303700		
27.684475000		
27.684761100		
27.684766900		
27.684768400		
27.684770100		
27.684773600		
27.684777700		
27.684782800		
27.684786800		
27.684792900		
27.684957300		
27.685103700		
27.686275700		
27.686282500		
27.686289400		
27.686291600		
27.686304700		
27.686306800		
27.686313800		
27.686316700		
27.686322800		
27.686326600		
27.686331700		
27.686333600		
27.686337800		
27.686340100		
27.686344300		
27.686346500		
27.686349400		
27.686355500		
27.686360500		
27.686364000		
27.686367000		
27.686369600		
27.686371800		
27.686375600		
27.686378300		
27.686381100		
27.686383800		
27.686818500		
27.686821400		
27.686823600		
27.686825600		
27.686826900		
27.686830200		
27.686834400		
27.686836100		
27.686838000		
27.686840200		
27.686842000		
27.686843800		
27.686845700		
27.686853500		
27.686855700		
27.686858800		
27.686860300		
27.686862000		
27.686863600		
27.686865100		
27.686868000		
27.686869600		
27.686870800		
27.686872100		
27.686873900		
27.686875500		
27.686876600		
27.687132400		
27.687393000		
27.687540400		
27.687729400		
27.687734400		
27.687736200		
27.687738400		
27.687739600		
27.687742800		
27.687747600		
27.687751100		
27.687752900		
27.687757200		
27.687763000		
27.687764500		
27.687779400		
27.687781200		
27.687783300		
27.687787600		
27.687789500		
27.687792900		
27.687794600		
27.687870100		
27.688067400		
27.688220300		
27.688493400		
27.689664600		
27.689667800		
27.689674200		
27.689679300		
27.689684000		
27.689691200		
27.689695200		
27.689697200		
27.689698700		
27.689700800		
27.689702200		
27.689705000		
27.689716100		
27.689718100		
27.689720200		
27.689723400		
27.689725700		
27.689727900		
27.689729800		
27.689731800		
27.689733200		
27.690313300		
27.690565300		
27.692123500		
27.692129900		
27.692132000		
27.692135100		
27.692136900		
27.692142000		
27.692151000		
27.692155100		
27.692156900		
27.692161500		
27.692166100		
27.692168000		
27.692170200		
27.692181500		
27.692186500		
27.692190700		
27.692195700		
27.692198000		
27.692202800		
27.692204500		
27.692206100		
27.692210400		
27.692212900		
27.692215000		
27.692217200		
27.692222200		
27.692225100		
27.692227800		
27.692230400		
27.692233200		
27.692237200		
27.692239700		
27.692639800		
27.692641900		
27.692643300		
27.692644600		
27.692646300		
27.692648100		
27.692650600		
27.692652300		
27.692654200		
27.692655900		
27.692787600		
27.692789100		
27.692791000		
27.692799200		
27.692802900		
27.692805100		
27.692807500		
27.692810600		
27.692813300		
27.692814800		
27.692816200		
27.692817500		
27.692819100		
27.692820700		
27.692822000		
27.692823500		
27.692825300		
27.692826600		
27.692828900		
27.692830300		
27.692831900		
27.692833900		
27.692835500		
27.692837400		
27.692901700		
27.693139200		
27.693197700		
27.693203100		
27.693205300		
27.693207400		
27.693210400		
27.693213300		
27.693217000		
27.693220000		
27.693223200		
27.693228100		
27.693232300		
27.693234400		
27.693236800		
27.693241100		
27.693244900		
27.693248200		
27.693251800		
27.693254200		
27.693256500		
27.693259700		
27.693261700		
27.693285800		
27.693604100		
27.693750300		
27.693890500		
27.694027800		
27.694263200		
27.694423400		
27.694997200		
27.695008300		
27.695013000		
27.695018500		
27.695022100		
27.695031000		
27.695049800		
27.695060000		
27.695064500		
27.695075700		
27.695087000		
27.695809000		
27.697762200		
27.697772600		
27.697778000		
27.702920800		
27.702923400		
27.702930400		
27.702935100		
27.702937400		
27.702940700		
27.702943000		
27.702950600		
27.702952600		
27.702955200		
27.702956400		
27.702958900		
27.702963300		
27.702972900		
27.702975500		
27.702977100		
27.702978500		
27.702980400		
27.702983000		
27.702985300		
27.702986700		
27.702989800		
27.702991300		
27.702993000		
27.703541500		
27.703684200		
27.703686100		
27.703688000		
27.703691100		
27.703693800		
27.703698400		
27.703700400		
27.703703300		
27.703705200		
27.703708800		
27.703710800		
27.703712200		
27.703715300		
27.703729400		
27.703731400		
27.703733600		
27.703735400		
27.703737500		
27.703741000		
27.703743100		
27.703745100		
27.703747700		
27.703752000		
27.703754700		
27.703757600		
27.703759500		
27.703761300		
27.703763700		
27.703765300		
27.703766900		
27.703771600		
27.703773400		
27.703809000		
27.703967500		
27.704071400		
27.704072900		
27.704074000		
27.704075100		
27.704076600		
27.704078100		
27.704079600		
27.704081000		
27.704081800		
27.704083000		
27.704084400		
27.704085800		
27.704086900		
27.704088600		
27.704089800		
27.704090600		
27.704092400		
27.704093600		
27.704095200		
27.704096700		
27.704098300		
27.704100600		
27.704102300		
27.704103400		
27.704104700		
27.704106600		
27.704106800		
27.704108400		
27.704110000		
27.704111800		
27.704113000		
27.704115200		
27.704117600		
27.704393300		
27.704394500		
27.704395900		
27.704397400		
27.704398600		
27.704400900		
27.704401900		
27.704403000		
27.704404400		
27.704405400		
27.704406700		
27.704408100		
27.704409400		
27.704410800		
27.704412800		
27.704413700		
27.704415000		
27.704416500		
27.704418000		
27.704419300		
27.704421000		
27.704422400		
27.704423400		
27.704425200		
27.704426100		
27.704427500		
27.704429500		
27.704430900		
27.704431700		
27.704432100		
27.704434600		
27.704436300		
27.704438900		
27.704628000		
27.704786000		
27.704883600		
27.704885100		
27.704886400		
27.704888200		
27.704890200		
27.704894500		
27.704898400		
27.704900000		
27.704902700		
27.704905200		
27.704906500		
27.704908600		
27.704909900		
27.704922200		
27.704924600		
27.704925900		
27.704927600		
27.704928700		
27.704931800		
27.704933100		
27.704933900		
27.704935700		
27.704937400		
27.704939100		
27.704941600		
27.704942900		
27.704943800		
27.704946100		
27.704947200		
27.704948100		
27.704949900		
27.704951700		
27.705105900		
27.705277800		
27.705414200		
27.705417000		
27.705421900		
27.705425300		
27.705428200		
27.705429600		
27.705430500		
27.705434400		
27.705437700		
27.705441200		
27.705443500		
27.705446800		
27.705449000		
27.705451800		
27.705665000		
27.705738300		
27.705741600		
27.705743600		
27.705745500		
27.705746800		
27.705751200		
27.705756500		
27.705758500		
27.705760700		
27.705763100		
27.705765500		
27.705767300		
27.705769100		
27.705786300		
27.705788500		
27.705800300		
27.706069100		
27.706233500		
27.706366500		
27.706370100		
27.706375700		
27.706380700		
27.706386000		
27.706388500		
27.706393700		
27.706396000		
27.706399500		
27.706403100		
27.706406200		
27.706409600		
27.706412400		
27.706423300		
27.706426000		
27.706502800		
27.706657200		
27.706796700		
27.707048500		
27.707195300		
27.707214700		
27.707221300		
27.707224300		
27.707227200		
27.707230000		
27.707234800		
27.707241500		
27.707246900		
27.707249400		
27.707254200		
27.707259400		
27.707262400		
27.707268600		
27.707271400		
27.707276400		
27.707281800		
27.707285100		
27.707290100		
27.707292900		
27.707297600		
27.707302300		
27.707323500		
27.707630100		
27.707786200		
27.707786300		
27.707789600		
27.707791900		
27.707795600		
27.707802000		
27.707803500		
27.707806000		
27.707811600		
27.707815500		
27.707817800		
27.707819800		
27.707821500		
27.707823400		
27.707833400		
27.707835500		
27.707837400		
27.707839300		
27.707841600		
27.707844300		
27.707846300		
27.707849000		
27.708065200		
27.708212500		
27.722354400		
27.722363400		
27.722366900		
27.722369700		
27.722372400		
27.722378500		
27.722386800		
27.722430800		
27.722460100		
27.733894300		
27.734929300		
27.735941200		
27.736076400		
27.736126700		
27.736177500		
27.736235900		
27.736323000		
27.736366000		
27.736404400		
27.736440300		
27.736478400		
27.804357800		
27.806621600		
27.806624900		
27.806627200		
27.806628300		
27.812539200		
27.815026700		
27.815379800		
27.828088100		
27.828090000		
28.089156200		
28.098657800		
28.262838000		
28.330636200		
28.485737200		
28.522747800		
28.609650600		
28.628929900	10.111.18.225	54.76.39.252
28.653652300		
28.671215800	54.76.39.252	10.111.18.225
28.778277800		
28.786844800		
29.057506700		
29.059038400		
29.066526300		
29.182809800		
29.226836100		
29.487795800		
29.503503900		
29.859717000		
29.900466300		
30.132103900		
30.148011200		
30.397934900	20.31.169.57	10.111.18.225
30.686361700		
30.740669900		
31.300483200		
31.349358400		
31.407495100		
31.416427300		
31.560892100	10.111.18.225	199.232.42.132
31.608628500	199.232.42.132	10.111.18.225
31.608630500		
31.652424500		
31.864630000		
31.873652100		
32.017301200	13.69.109.131	10.111.18.225
32.113974200		
32.114443700		
32.114820300		
32.128783000		
32.128786000	162.159.135.234	10.111.18.225
32.129694300		
32.129696500		
32.131735500		
32.131919700		
32.132512100		
32.132512100		
32.132512100		
32.132512100		
32.132673500		
32.132794100		
32.132794100		
32.132794100		
32.132794100		
32.132794100		
32.141295700		
32.141297300		
32.141297700		
32.141298600		
32.141587000		
32.141597400		
32.143022100		
32.152441300		
32.154443500		
32.154594100		
32.164375100	162.159.135.234	10.111.18.225
32.164377500		
32.164378600		
32.164492900	10.111.18.225	162.159.135.234
32.165610400		
32.174401600		
32.183095800		
32.183098600		
32.183108800		
32.183232700		
32.183396300		
32.183397500		
32.183398700		
32.183402900		
32.183403800		
32.183439800		
32.185780300		
32.185935300		
32.185937600		
32.185939300		
32.185941000		
32.185942200		
32.185943500		
32.185944800		
32.185946000		
32.185948200		
32.186053400		
32.202698100		
32.204483900		
32.213159600		
32.213421400		
32.244973800		
32.245241000		
32.254874500		
32.294871000		
32.528541400		
32.600081600		
32.601605100		
32.601609600		
32.604453900		
32.604915100		
32.615376500		
32.619324000		
32.682239400		
32.682416900		
32.682484500		
32.682543600		
32.682613000		
32.682683200		
32.682744600		
32.682810300		
32.682867600		
32.682940500		
32.698102000		
32.698104500		
32.713006900		
32.718121200		
32.718123800		
32.718125200		
32.718126700		
32.718128000		
32.718129400		
32.718131100		
32.718132500		
32.718134000		
32.718135700		
32.718137100		
32.718138700		
32.718150900		
32.718152400		
32.718153800		
32.718155600		
32.718232700		
32.718234200		
32.718235800		
32.718237100		
32.718238400		
32.718239900		
32.718241200		
32.718242500		
32.718244100		
32.718245400		
32.718246700		
32.718920300		
32.719153800		
32.719867300		
32.719869000		
32.719874700		
32.719876100		
32.719877000		
32.719878000		
32.719879300		
32.719880400		
32.719881300		
32.719882800		
32.719883800		
32.719884800		
32.719886100		
32.719887100		
32.719888000		
32.719889400		
32.719890600		
32.719891700		
32.719893300		
32.719894300		
32.719895400		
32.719897000		
32.719898100		
32.719899200		
32.720226800		
32.720277700		
32.720278700		
32.720279700		
32.720280500		
32.720281400		
32.720282400		
32.720283300		
32.720284300		
32.720285300		
32.720286100		
32.720287000		
32.720288300		
32.720289200		
32.720290000		
32.720291400		
32.720292100		
32.720293000		
32.720294300		
32.720295300		
32.720296000		
32.720320300		
32.720321200		
32.720322200		
32.720323600		
32.720324400		
32.720325200		
32.720348000		
32.720577700		
32.720763800		
32.721032400		
32.721405900		
32.723165100		
32.723166700		
32.723167800		
32.723169100		
32.723170200		
32.723171100		
32.723172200		
32.723173100		
32.723174100		
32.723175200		
32.723176000		
32.723177100		
32.723178300		
32.723187500		
32.723188600		
32.723189900		
32.723190900		
32.723191800		
32.723193400		
32.723194600		
32.723195700		
32.723197500		
32.723198600		
32.723199600		
32.723201200		
32.723202300		
32.723203300		
32.723205000		
32.723206100		
32.723207300		
32.723208600		
32.723209700		
32.723564100		
32.723565200		
32.723565700		
32.723566200		
32.723567000		
32.723567500		
32.723568100		
32.723569100		
32.723569600		
32.723570200		
32.723750800		
32.723751700		
32.723752400		
32.723754100		
32.723754800		
32.723755300		
32.723756700		
32.723757800		
32.723758300		
32.723759600		
32.723760100		
32.723760700		
32.723762200		
32.723763100		
32.723763600		
32.723764700		
32.723765400		
32.723766200		
32.723767800		
32.723769000		
32.723769800		
32.723771200		
32.723772300		
32.723773500		
32.723775000		
32.723776100		
32.723777300		
32.723778800		
32.723843300		
32.723844700		
32.723845800		
32.723846600		
32.723951000		
32.724255200		
32.724346400		
32.724532200		
32.724680500		
32.725051700		
32.725654500		
32.725988100		
32.726463600		
32.732271100		
32.732272600		
32.732273600		
32.732274900		
32.732276400		
32.732277500		
32.732874300		
32.732876100		
32.732877500		
32.732878900		
32.732880200		
32.732881500		
32.732883000		
32.732887800		
32.732889300		
32.732890600		
32.732891900		
32.732893600		
32.732895200		
32.732896700		
32.732898200		
32.732899600		
32.732901200		
32.732902600		
32.732903900		
32.732905600		
32.732907200		
32.732909000		
32.732910300		
32.732911500		
32.732913300		
32.732915000		
32.732916200		
32.732917700		
32.732919100		
32.732920800		
32.732922300		
32.732924000		
32.732992700		
32.733238800		
32.733316000		
32.733317800		
32.733318600		
32.733319300		
32.733320500		
32.733321300		
32.733322000		
32.733323300		
32.733323900		
32.733324700		
32.733325700		
32.733326400		
32.733327100		
32.733328300		
32.733329000		
32.733329800		
32.733331100		
32.733331900		
32.733332500		
32.733333500		
32.733358200		
32.733359200		
32.733360500		
32.733361200		
32.733362200		
32.733363400		
32.733368500		
32.733369500		
32.733370800		
32.733371600		
32.733372400		
32.733372800		
32.733373800		
32.733527700		
32.733689700		
32.733690600		
32.733692000		
32.733692900		
32.733693700		
32.733694900		
32.733695600		
32.733696500		
32.733697800		
32.733714300		
32.733715300		
32.733716800		
32.733717700		
32.733718400		
32.733719700		
32.733720400		
32.733721200		
32.733722500		
32.733723400		
32.733724300		
32.733726000		
32.733726800		
32.733727500		
32.733728700		
32.733729500		
32.733730200		
32.733731400		
32.733732100		
32.733732800		
32.733756100		
32.733757000		
32.733758000		
32.733857500		
32.733995100		
32.734021300		
32.734022200		
32.734023100		
32.734024300		
32.734025000		
32.734025700		
32.734027200		
32.734027900		
32.734028700		
32.734030500		
32.734031400		
32.734032200		
32.734033700		
32.734034500		
32.734035200		
32.734036400		
32.734037200		
32.734052400		
32.734053600		
32.734054500		
32.734055200		
32.734056400		
32.734057200		
32.734058000		
32.734124000		
32.734353800		
32.734439800		
32.734441300		
32.734442600		
32.734444300		
32.734445400		
32.734446400		
32.734448100		
32.734449100		
32.734450300		
32.734451500		
32.734452700		
32.734453900		
32.734455200		
32.734476800		
32.734478000		
32.734479400		
32.734480400		
32.734481400		
32.734482600		
32.734483700		
32.734485100		
32.734486500		
32.734488000		
32.734488700		
32.734489200		
32.734490700		
32.734491900		
32.734493200		
32.734494500		
32.734495600		
32.734496700		
32.734498300		
32.734499400		
32.734612000		
32.734779100		
32.734796200		
32.734797300		
32.734798400		
32.734799900		
32.734801000		
32.734802300		
32.734828700		
32.734961500		
32.735083400		
32.735224700		
32.735440200		
32.735600500		
32.735734200		
32.740730200		
32.740731800		
32.740733100		
32.741094600		
32.741095800		
32.741096700		
32.741097900		
32.741098900		
32.741099900		
32.741101200		
32.741102100		
32.741103600		
32.741104800		
32.741109300		
32.741110400		
32.741111900		
32.741113300		
32.741114300		
32.741115600		
32.741116800		
32.741117700		
32.741118900		
32.741119800		
32.741120600		
32.741121800		
32.741122600		
32.741123700		
32.741124900		
32.741126000		
32.741126900		
32.741128300		
32.741129100		
32.741130000		
32.741131300		
32.741132500		
32.741143500		
32.741377700		
32.741424200		
32.741426000		
32.741427600		
32.741507800		
32.741509500		
32.741511100		
32.741513000		
32.741513900		
32.741515700		
32.741517900		
32.741519500		
32.741521100		
32.741523000		
32.741526700		
32.741529300		
32.741530600		
32.741533000		
32.741535700		
32.741537400		
32.741538700		
32.741540300		
32.741542200		
32.741544500		
32.741547500		
32.741548700		
32.741588300		
32.741590500		
32.741592600		
32.741595100		
32.741597500		
32.741599300		
32.741602000		
32.741604500		
32.741656400		
32.741949800		
32.741953200		
32.741956100		
32.741958500		
32.741961500		
32.741964400		
32.741966300		
32.741968800		
32.741971000		
32.741973200		
32.741975200		
32.741977800		
32.742002600		
32.742003900		
32.742005200		
32.742006300		
32.742007400		
32.742008600		
32.742009800		
32.742011100		
32.742012500		
32.742013800		
32.742014900		
32.742016300		
32.742017400		
32.742018900		
32.742318700		
32.742463400		
32.742464800		
32.742465800		
32.742467300		
32.742468700		
32.742469900		
32.742492800		
32.742494100		
32.742495400		
32.742496800		
32.742497900		
32.742498900		
32.742500500		
32.742501700		
32.742502700		
32.742504000		
32.742505300		
32.742506500		
32.742507700		
32.742508900		
32.742510100		
32.742511400		
32.742512600		
32.742513500		
32.742514900		
32.742516200		
32.742531800		
32.742536900		
32.742538600		
32.742539900		
32.742541000		
32.742542400		
32.742543600		
32.742662600		
32.742801400		
32.742802500		
32.742803800		
32.742805100		
32.742806200		
32.742807400		
32.742808800		
32.742809800		
32.742810800		
32.742812500		
32.742813800		
32.742815000		
32.742816600		
32.742817800		
32.742837400		
32.742838700		
32.742840000		
32.742841100		
32.742842300		
32.742843500		
32.742844900		
32.742846400		
32.742847500		
32.742848900		
32.742850300		
32.742851700		
32.742852700		
32.742854200		
32.742855700		
32.742856700		
32.742858000		
32.742859100		
32.743258800		
32.743422500		
32.743553700		
32.743918900		
32.743958800		
32.743960700		
32.744000100		
32.744001600		
32.744003000		
32.744004100		
32.744005600		
32.744007200		
32.744008300		
32.744009600		
32.744011000		
32.744012000		
32.744013100		
32.744014700		
32.744015700		
32.744017400		
32.744018800		
32.744019900		
32.744021200		
32.744069400		
32.744201600		
32.744329900		
32.744627500		
32.744807600		
32.744942100		
32.745171500		
32.747117100		
32.747120000		
32.747121400		
32.754630000		
32.766524900		
32.766526900		
32.766528000		
32.766529500		
32.766530600		
32.766531900		
32.766533200		
32.766534300		
32.766535600		
32.766537200		
32.766538400		
32.766539400		
32.767005900		
32.767014700		
32.767016000		
32.767017100		
32.767018000		
32.767019000		
32.767020300		
32.767021300		
32.767022200		
32.767023300		
32.767024200		
32.767025400		
32.767026600		
32.767027400		
32.767028500		
32.767029600		
32.767030500		
32.767031400		
32.767032800		
32.767033700		
32.767035000		
32.767036300		
32.767037300		
32.767038200		
32.767039500		
32.767040400		
32.767078100		
32.767085500		
32.767086800		
32.767087600		
32.767088400		
32.767089500		
32.767090200		
32.767348400		
32.767349400		
32.767349900		
32.767350600		
32.767351700		
32.767352400		
32.767352900		
32.767353900		
32.767354400		
32.767354900		
32.767355900		
32.767356400		
32.767357000		
32.767358200		
32.767358800		
32.767359600		
32.767360800		
32.767361900		
32.767362600		
32.767364600		
32.767365700		
32.767366800		
32.767368500		
32.767369300		
32.767370100		
32.767371300		
32.767372300		
32.767373300		
32.767374600		
32.767375500		
32.767376600		
32.767378100		
32.767491200		
32.767653500		
32.767654500		
32.767656200		
32.767656900		
32.767657800		
32.767659300		
32.767688600		
32.767690300		
32.767691300		
32.767692100		
32.767692800		
32.767694000		
32.767694800		
32.767695700		
32.767697000		
32.767698000		
32.767698600		
32.767699800		
32.767700700		
32.767701600		
32.767702800		
32.767703500		
32.767704300		
32.767705400		
32.767706200		
32.767707000		
32.767708300		
32.767708900		
32.767709600		
32.767710700		
32.767711400		
32.767712200		
32.767771300		
32.767956500		
32.767957000		
32.767957500		
32.767958600		
32.767959200		
32.767959800		
32.767961000		
32.767961600		
32.767962100		
32.767963200		
32.767963900		
32.767964400		
32.767975300		
32.768212600		
32.768213400		
32.768214700		
32.768216400		
32.768217300		
32.768218300		
32.768219700		
32.768220700		
32.768221700		
32.768223400		
32.768224600		
32.768226000		
32.768227500		
32.768228700		
32.768229600		
32.768231100		
32.768232100		
32.768233500		
32.768235100		
32.768236100		
32.768237100		
32.768238500		
32.768239500		
32.768240500		
32.768242900		
32.768299000		
32.768496500		
32.768646600		
32.768936500		
32.769146600		
32.769293100		
32.769431800		
32.769671600		
32.769823900		
32.770061400		
32.777111000		
32.779180800		
32.779329800		
32.779366800		
32.779401300		
32.779434600		
32.779468000		
32.779501200		
32.779535700		
32.779569300		
32.779602700		
32.783100200		
32.793342600		
32.795542100		
32.797517200		
32.800027600		
32.800029900		
32.813907900		
32.816508300		
33.577287700		
33.655788800		
33.685082900		
33.760613800		
34.749974700		
34.787939400		
35.023993200		
35.029621900		
35.397206700	10.111.18.225	35.176.23.94
35.438012200	35.176.23.94	10.111.18.225
35.481105900	10.111.18.225	35.176.23.94
36.028481200		
36.036661000		
36.234792900		
36.270248700		
36.471493900		
36.516643200		
36.730483100		
36.832471200		
37.039020000		
37.137744000		
37.343049700		
37.444754200		
37.657057400		
37.669748300		
37.720589700		
37.724129400		
37.755671200		
37.755883700		
37.755953300		
37.756027900		
37.756100200		
37.756153700		
37.756197000		
37.756232800		
37.756271300		
37.756317800		
37.835918900		
37.838214100		
37.838216000		
37.838217700		
37.839095900		
37.839105700		
37.839107000		
37.839108200		
37.839109500		
37.839110500		
37.839111700		
37.839112600		
37.839113900		
37.839115500		
37.839116600		
37.839118000		
37.839119300		
37.839120400		
37.839121400		
37.839122400		
37.839123600		
37.839124800		
37.839126800		
37.839128000		
37.839129100		
37.839715400		
37.839968300		
37.841126000		
37.841128000		
37.841129300		
37.841130900		
37.841132100		
37.841133300		
37.841134800		
37.841135900		
37.841137000		
37.841138400		
37.841139700		
37.841140900		
37.841142300		
37.841150900		
37.841152200		
37.841153400		
37.841154300		
37.841155400		
37.841156500		
37.841157400		
37.841158300		
37.841160000		
37.841160900		
37.841162000		
37.841163300		
37.841164500		
37.841165400		
37.841167500		
37.841168600		
37.841169600		
37.841171100		
37.841172300		
37.841511200		
37.841513100		
37.841514500		
37.841516100		
37.841638400		
37.841639700		
37.841640800		
37.841642800		
37.841644000		
37.841645200		
37.841647000		
37.841648400		
37.841649700		
37.841658300		
37.841659500		
37.841660800		
37.841662500		
37.841663500		
37.841664800		
37.841666500		
37.841667900		
37.841668900		
37.841670600		
37.841671900		
37.841673100		
37.841732900		
37.842149200		
37.842773200		
37.842776000		
37.842778000		
37.842780600		
37.842782600		
37.842784700		
37.842786700		
37.842788700		
37.842790300		
37.842792500		
37.842793000		
37.842795000		
37.842797100		
37.842798900		
37.842806500		
37.842809900		
37.842812100		
37.842814500		
37.842816900		
37.842819500		
37.842821500		
37.842822800		
37.842824900		
37.842827700		
37.842829700		
37.842832800		
37.842835300		
37.842837000		
37.842839300		
37.842841600		
37.842844000		
37.843454600		
37.843683500		
37.843825100		
37.843967300		
37.844225000		
37.844367700		
37.845124700		
37.845126500		
37.845127800		
37.845129900		
37.845130900		
37.845132300		
37.845134200		
37.845135400		
37.845137000		
37.845138800		
37.845140300		
37.845141800		
37.845150900		
37.845152200		
37.845153300		
37.845155500		
37.845156700		
37.845158200		
37.845159900		
37.845161100		
37.845162100		
37.845164000		
37.845165100		
37.845166100		
37.845168100		
37.845169600		
37.845170600		
37.845172600		
37.845173800		
37.845175300		
37.845867700		
37.845905100		
37.845907200		
37.845908700		
37.845910200		
37.845911800		
37.845913200		
37.845914800		
37.845916400		
37.845918100		
37.845920300		
37.845922000		
37.845923300		
37.845925000		
37.845930000		
37.845931800		
37.845934100		
37.845935800		
37.845937600		
37.845939500		
37.845941000		
37.845942800		
37.845944600		
37.845946200		
37.845947800		
37.845949500		
37.845951200		
37.845952700		
37.845954500		
37.845956200		
37.845958000		
37.845959700		
37.845961200		
37.846134100		
37.846293700		
37.846352300		
37.846354000		
37.846355300		
37.846356700		
37.846358500		
37.846360000		
37.846361300		
37.846363100		
37.846364400		
37.846365700		
37.846367300		
37.846368900		
37.846370800		
37.846380100		
37.846381500		
37.846382900		
37.846384700		
37.846386300		
37.846387800		
37.846613000		
37.846664500		
37.846666400		
37.846667900		
37.846669800		
37.846671100		
37.846672500		
37.846674300		
37.846676300		
37.846677900		
37.846679500		
37.846681000		
37.846682300		
37.846683700		
37.846685500		
37.846687300		
37.846689000		
37.846690500		
37.846692200		
37.846694400		
37.846696300		
37.846697900		
37.846699700		
37.846701500		
37.846703100		
37.846705000		
37.846706400		
37.846707900		
37.846777500		
37.846929400		
37.847168500		
37.847335300		
37.847375900		
37.847376900		
37.847377700		
37.847378700		
37.847379900		
37.847380900		
37.847382000		
37.847382600		
37.847383500		
37.847384400		
37.847385200		
37.847385900		
37.847390700		
37.847391600		
37.847392900		
37.847394000		
37.847394900		
37.847395600		
37.847396900		
37.847397700		
37.847398900		
37.847480000		
37.847632300		
37.847885800		
37.848021200		
37.848142600		
37.848154500		
37.848155700		
37.848156800		
37.848158100		
37.848159200		
37.848160500		
37.848161800		
37.848162800		
37.848163700		
37.848165200		
37.848166500		
37.848167400		
37.848168700		
37.848176300		
37.848177600		
37.848179000		
37.848180100		
37.848181200		
37.848182700		
37.848183600		
37.848184700		
37.848420000		
37.848560800		
37.848864400		
37.848865900		
37.848867000		
37.848868500		
37.848869600		
37.848870700		
37.848872200		
37.848873300		
37.848874600		
37.848876200		
37.848877400		
37.848878600		
37.848880000		
37.848888000		
37.848889500		
37.848891000		
37.848892100		
37.848893200		
37.848894800		
37.848896000		
37.848897100		
37.849297600		
37.849486300		
37.849587400		
37.849588700		
37.849590000		
37.849591500		
37.849592500		
37.849593500		
37.849594900		
37.849596000		
37.849597000		
37.849598600		
37.849599800		
37.849601000		
37.849602400		
37.849610000		
37.849611300		
37.849612900		
37.849614100		
37.849615200		
37.849616500		
37.849617500		
37.849618500		
37.849966900		
37.850152100		
37.850255200		
37.850257200		
37.850258700		
37.851401900		
37.851404100		
37.851405500		
37.851407600		
37.851408900		
37.851410200		
37.851412700		
37.851413900		
37.851415400		
37.851417800		
37.851428100		
37.851429800		
37.851822100		
37.856779200		
37.856781600		
37.856783500		
37.856785200		
37.856786400		
37.856787700		
37.856789500		
37.856790500		
37.856791600		
37.856793200		
37.856794000		
37.856795500		
37.856796800		
37.856808600		
37.856809700		
37.856811500		
37.856812900		
37.856814000		
37.856815800		
37.856816900		
37.856818700		
37.856820400		
37.856821500		
37.856822700		
37.857463300		
37.857610800		
37.857612200		
37.857613400		
37.857616100		
37.857617200		
37.857618200		
37.857619700		
37.857621000		
37.857622100		
37.857623800		
37.857624900		
37.857626000		
37.857627800		
37.857637700		
37.857638800		
37.857641000		
37.857642100		
37.857643500		
37.857644900		
37.857646000		
37.857647000		
37.857648600		
37.857649500		
37.857651100		
37.857652900		
37.857654000		
37.857655300		
37.857657000		
37.857658100		
37.857659400		
37.857660800		
37.857661800		
37.857797400		
37.857960700		
37.857993700		
37.857995100		
37.857995600		
37.857996000		
37.857997300		
37.857997700		
37.857998100		
37.857999100		
37.857999500		
37.857999900		
37.858001500		
37.858001900		
37.858002400		
37.858009400		
37.858009900		
37.858010500		
37.858011400		
37.858011800		
37.858012300		
37.858013300		
37.858013700		
37.858014200		
37.858015300		
37.858016300		
37.858016800		
37.858018000		
37.858018800		
37.858019400		
37.858020400		
37.858021000		
37.858021500		
37.858022900		
37.858108800		
37.858344500		
37.858345200		
37.858346400		
37.858346800		
37.858368400		
37.858369400		
37.858370000		
37.858370400		
37.858371700		
37.858372400		
37.858373000		
37.858374100		
37.858374500		
37.858375100		
37.858376700		
37.858377500		
37.858378600		
37.858379800		
37.858380300		
37.858380700		
37.858381900		
37.858382300		
37.858383000		
37.858384600		
37.858385000		
37.858385700		
37.858386900		
37.858387300		
37.858388400		
37.858389500		
37.858390200		
37.858390600		
37.858547000		
37.858805300		
37.858806500		
37.858807600		
37.858809400		
37.858810300		
37.858811200		
37.858812900		
37.858813700		
37.858814400		
37.858815300		
37.858816800		
37.858817800		
37.858818800		
37.858819900		
37.858821000		
37.858822000		
37.858823800		
37.858824700		
37.858825700		
37.858827200		
37.858828400		
37.858829300		
37.858830500		
37.858831300		
37.858832300		
37.858966500		
37.859244600		
37.859413900		
37.859569400		
37.859854000		
37.860026500		
37.860168800		
37.860316400		
37.860594500		
37.861147900		
37.861149700		
37.861151000		
37.861152200		
37.861153700		
37.861155000		
37.861156500		
37.861157900		
37.861159200		
37.861160800		
37.861162100		
37.861163800		
37.861174300		
37.861175300		
37.861176400		
37.861178000		
37.861179500		
37.861180700		
37.861182300		
37.861183500		
37.861184800		
37.861186500		
37.861187600		
37.861188700		
37.861681700		
37.861725700		
37.861727000		
37.861728200		
37.861729900		
37.861731100		
37.861732400		
37.861734200		
37.861735300		
37.861736400		
37.861738100		
37.861739300		
37.861740600		
37.861742300		
37.861743600		
37.861745000		
37.861746400		
37.861747700		
37.861748900		
37.861751000		
37.861752400		
37.861753600		
37.861755300		
37.861756700		
37.861757900		
37.861760200		
37.861761500		
37.861763900		
37.861765700		
37.861767500		
37.861768900		
37.861771500		
37.861772500		
37.861988200		
37.862066800		
37.862069300		
37.862070400		
37.862071600		
37.862073400		
37.862074700		
37.862075900		
37.862077800		
37.862079100		
37.862080400		
37.862082200		
37.862100200		
37.862163900		
37.862548400		
37.862730500		
37.862867600		
37.863100000		
37.871204000		
37.873889400		
37.874097600		
37.874144000		
37.874180500		
37.875431900		
37.875434100		
37.875974100		
37.876124700		
37.876162500		
37.876197100		
37.876231900		
37.876282900		
37.889609700		
37.899377200		
37.900760400		
37.903626900		
37.905942400		
37.905945400		
37.920704700		
37.956945700		
38.131292200		
38.270452900		
38.270584100		
38.278955600		
38.704675000		
38.709846800		
39.047188500	10.111.18.225	172.187.86.72
39.081046300	172.187.86.72	10.111.18.225
39.081497300		
39.119214300		
39.137017400		
39.182844400		
40.321846200		
40.331954900		
40.361963800		
40.361965800		
40.361966700		
40.370060900		
40.577370300		
40.613809800		
40.829272400		
40.870597700		
40.871771100		
40.897594500		
41.080481900		
41.080547000		
41.130677900	10.111.18.225	204.79.197.222
41.131115600		
41.131117400		
41.145769100	204.79.197.222	10.111.18.225
41.195844700	10.111.18.225	35.176.23.94
41.303126400		
41.305090300	35.176.23.94	10.111.18.225
41.335863400		
41.343726800		
41.349997000		
41.401181800		
41.402553400		
41.402556500		
41.450657500		
41.615094600		
41.737968700		
41.739527700		
41.747455900		
41.952231500		
41.958028700		
42.001688700		
42.003368400		
42.090923100		
42.091670700		
42.092505800		
42.093932100		
42.093933800		
42.094166400		
42.094290100		
42.094377300		
42.094441000		
42.094520300		
42.094559100		
42.095335000		
42.095508700		
42.095702300		
42.095764500		
42.097514700		
42.097515900		
42.097516500		
42.097517300		
42.097924800		
42.097926400		
42.098358400		
42.098429900		
42.099133900		
42.099527300		
42.101619200		
42.101622200		
42.101622700		
42.101799600		
42.101979000		
42.102347400		
42.105180300		
42.105313300		
42.106587600		
42.106947500		
42.107034500		
42.107401600		
42.124842900		
42.124844700		
42.124861200		
42.124869600		
42.131749100		
42.131752900		
42.131756600		
42.132788400		
42.133604200		
42.134443000		
42.134602300		
42.134662100		
42.134785300		
42.134842600		
42.147393700		
42.148976800		
42.149154100		
42.149154800		
42.150229100		
42.151205100		
42.331500700	10.111.18.225	185.125.190.57
42.336268700		
42.336274300		
42.336276500		
42.336278300		
42.336281200		
42.336999300		
42.337178700		
42.337241000		
42.403323600		
42.405110900		
42.405954800	185.125.190.57	10.111.18.225
42.418861600		
42.419784400		
42.462200200		
42.593517300		
42.675137100		
42.680133200		
42.680135900		
42.680137100		
42.680138200		
42.680896300		
42.693589500		
42.695851500		
42.805513400		
42.805687900		
42.805731000		
42.805769300		
42.805808800		
42.805849100		
42.805890600		
42.805930000		
42.805967100		
42.806008400		
42.821323200		
42.831798100		
42.833913900		
42.833932100		
42.833946100		
42.848176700		
42.848180600		
42.848184300		
42.848193200		
42.848206200		
42.848213600		
42.848217600		
42.848224100		
42.848234200		
42.848238100		
42.848240600		
42.848244600		
42.848247600		
42.848267500		
42.848271000		
42.848291000		
42.848853500		
42.863174900		
42.870746400		
42.870750600		
42.870754100		
42.870757200		
42.870761800		
42.870764800		
42.870769300		
42.870771700		
42.870774400		
42.870776900		
42.870780000		
42.870783500		
42.870786400		
42.870805400		
42.870811300		
42.870820000		
42.870827500		
42.870830300		
42.870837100		
42.870839800		
42.870843200		
42.870846400		
42.870851400		
42.870856700		
42.870860700		
42.870863900		
42.870867600		
42.870871800		
42.870877500		
42.870881900		
42.871506800		
42.871509700		
42.871511200		
42.871512900		
42.871513900		
42.871516800		
42.871520700		
42.871523400		
42.871525100		
42.871528000		
42.871531200		
42.871534000		
42.871536400		
42.871544700		
42.871546200		
42.871548800		
42.871551000		
42.871552900		
42.871555400		
42.871556700		
42.871558100		
42.871559700		
42.871561300		
42.871562600		
42.871564400		
42.871565700		
42.871567100		
42.871569000		
42.871570600		
42.871572000		
42.871573700		
42.871574800		
42.871823900		
42.871826900		
42.871828500		
42.871830200		
42.871831800		
42.871834000		
42.871837500		
42.871839900		
42.871841800		
42.871843800		
42.871846000		
42.871848900		
42.871851600		
42.871859700		
42.871861800		
42.871863500		
42.871867300		
42.871867600		
42.871870900		
42.871874000		
42.871877700		
42.871879300		
42.871881500		
42.871883400		
42.871886700		
42.871890300		
42.872318000		
42.872663900		
42.873280400		
42.873479100		
42.873619500		
42.873862900		
42.874008400		
42.885474000		
42.885482700		
42.885485400		
42.885810600		
42.885812500		
42.885819100		
42.885828300		
42.885834100		
42.885836600		
42.885842100		
42.885847100		
42.885852100		
42.885865600		
42.885867300		
42.885869600		
42.885874000		
42.885878200		
42.885880700		
42.885882700		
42.885885300		
42.885888700		
42.885891400		
42.885893800		
42.885899500		
42.885902800		
42.885905300		
42.885908200		
42.885910400		
42.885912100		
42.885914400		
42.885917300		
42.885919900		
42.885926100		
42.885938500		
42.885945400		
42.886016100		
42.886373700		
42.886378000		
42.886380000		
42.886381400		
42.886384500		
42.886389700		
42.886395700		
42.886399700		
42.886401900		
42.886406200		
42.886410700		
42.886413200		
42.886415400		
42.886654200		
42.886889700		
42.886895500		
42.886897800		
42.886904100		
42.886906600		
42.886910700		
42.886913700		
42.886915800		
42.886917800		
42.886920700		
42.886922700		
42.886925600		
42.886929700		
42.886935200		
42.886940000		
42.886942700		
42.886944800		
42.886948000		
42.886953200		
42.886954000		
42.886957000		
42.886961700		
42.886966200		
42.886969100		
42.886972700		
42.886977700		
42.886980300		
42.886983000		
42.886986600		
42.886991500		
42.886994100		
42.887124700		
42.887662000		
42.887748200		
42.887753900		
42.887756200		
42.887759000		
42.887761300		
42.887765800		
42.887774000		
42.887779500		
42.887782200		
42.887787700		
42.887792300		
42.887796000		
42.887801400		
42.887807500		
42.887809900		
42.887813200		
42.887815400		
42.887817600		
42.887820200		
42.887822100		
42.887824500		
42.887827100		
42.887829600		
42.887832100		
42.887835300		
42.887837500		
42.887839800		
42.887842500		
42.887844900		
42.887847900		
42.887852700		
42.887858700		
42.888052200		
42.888247600		
42.888262700		
42.888265000		
42.888266200		
42.888269200		
42.888270900		
42.888272100		
42.888273700		
42.888276600		
42.888278500		
42.888279800		
42.888282500		
42.888284600		
42.888286200		
42.888288400		
42.888290200		
42.888292600		
42.888295400		
42.888300100		
42.888302300		
42.888304800		
42.888306800		
42.888308800		
42.888311200		
42.888313400		
42.888315200		
42.888318300		
42.888320400		
42.888322200		
42.888324800		
42.888327800		
42.888330400		
42.888332400		
42.888599900		
42.888695000		
42.888698300		
42.888702600		
42.888706400		
42.888709600		
42.888711900		
42.888713900		
42.888716300		
42.888719300		
42.888721300		
42.888723100		
42.888817900		
42.888989700		
42.889038200		
42.889041100		
42.889043800		
42.889046500		
42.889049500		
42.889052200		
42.889055200		
42.889057900		
42.889060700		
42.889063400		
42.889065900		
42.889068600		
42.889071400		
42.889073600		
42.889075800		
42.889079600		
42.889083500		
42.889086900		
42.889090600		
42.889093200		
42.889096400		
42.889099900		
42.889103200		
42.889105400		
42.889107700		
42.889110400		
42.889113700		
42.889117100		
42.889119900		
42.889122700		
42.889126300		
42.889129400		
42.889367500		
42.889448600		
42.889452000		
42.889456100		
42.889458800		
42.889461400		
42.889465700		
42.889467500		
42.889600300		
42.889763200		
42.889906900		
42.889985800		
42.889995400		
42.890001300		
42.890003500		
42.890006100		
42.890008200		
42.890013500		
42.890023500		
42.890028900		
42.890032300		
42.890036500		
42.890040600		
42.890045300		
42.890050700		
42.890052700		
42.890056800		
42.890058300		
42.890062300		
42.890064300		
42.890067100		
42.890069200		
42.890071400		
42.890073100		
42.890075700		
42.890184800		
42.890335200		
42.890424100		
42.890426900		
42.890429300		
42.890431300		
42.890433000		
42.890435100		
42.890437200		
42.890439200		
42.890442000		
42.890446500		
42.890451900		
42.890454200		
42.890458800		
42.890461000		
42.890463100		
42.890466200		
42.890469100		
42.890470300		
42.890474200		
42.890477700		
42.890480400		
42.890483600		
42.890486000		
42.890488500		
42.890493100		
42.890495500		
42.890497800		
42.890500400		
42.890505100		
42.890507000		
42.890510000		
42.890512900		
42.890514300		
42.890719700		
42.890765300		
42.890769700		
42.890771400		
42.890773100		
42.890878300		
42.891011900		
42.891280000		
42.891439800		
42.891576200		
42.891705900		
42.891921800		
42.892071000		
42.896005900		
42.896013800		
42.896023500		
42.896030900		
42.896033400		
42.896038600		
42.896044900		
42.896051200		
42.896066100		
42.896069100		
42.896072900		
42.896075200		
42.896080600		
42.896083600		
42.896086300		
42.896089800		
42.896093000		
42.896095700		
42.896098800		
42.896101900		
42.896105600		
42.896109200		
42.896112300		
42.896115200		
42.896118400		
42.896121600		
42.896124300		
42.896674300		
42.896675600		
42.896677200		
42.896679200		
42.896680300		
42.896682500		
42.896685700		
42.896687500		
42.896688700		
42.896691400		
42.896694300		
42.896696800		
42.896699500		
42.896702300		
42.896703900		
42.896706100		
42.896707600		
42.896709500		
42.896711700		
42.896714300		
42.896717000		
42.896718700		
42.896720500		
42.896722200		
42.896725200		
42.896726800		
42.896728300		
42.896730300		
42.896732000		
42.896734200		
42.896737200		
42.896740000		
42.896747800		
42.896999000		
42.897001100		
42.897002100		
42.897003100		
42.897004400		
42.897005900		
42.897007700		
42.897009700		
42.897010800		
42.897013700		
42.897017000		
42.897019200		
42.897021400		
42.897023400		
42.897024800		
42.897026000		
42.897103100		
42.897310000		
42.897405100		
42.897418100		
42.897423900		
42.897432000		
42.897434700		
42.897437300		
42.897439400		
42.897441500		
42.897448400		
42.897451200		
42.897456000		
42.897458600		
42.897460700		
42.897464100		
42.897468100		
42.897472800		
42.897474900		
42.897479900		
42.897481500		
42.897485800		
42.897491600		
42.897495000		
42.897678900		
42.898716500		
42.898719000		
42.898725600		
42.898729000		
42.898731400		
42.898735800		
42.898739600		
42.898744600		
42.898746500		
42.898750600		
42.898755800		
42.898760700		
42.898769500		
42.898772900		
42.898781600		
42.898783800		
42.898787300		
42.898789400		
42.898791500		
42.898794300		
42.898796200		
42.898798800		
42.898801400		
42.898802900		
42.898804700		
42.898808600		
42.898811000		
42.898813300		
42.898815600		
42.898817400		
42.898819600		
42.898822500		
42.898825200		
42.899213800		
42.899415600		
42.899657900		
42.900033000		
42.900309500		
42.900366900		
42.900374500		
42.900377200		
42.900379400		
42.900381900		
42.900384000		
42.900390800		
42.900393600		
42.900398900		
42.900402200		
42.900404400		
42.900409600		
42.900413200		
42.900417800		
42.900419800		
42.900424200		
42.900428200		
42.900438200		
42.900441600		
42.900444800		
42.900449000		
42.900449000		
42.900452100		
42.900455700		
42.900459800		
42.900463200		
42.900467500		
42.900469400		
42.900473000		
42.900477200		
42.900479300		
42.900482100		
42.900484100		
42.900798600		
42.900802400		
42.900805500		
42.900807900		
42.900848600		
42.901022200		
42.901154600		
42.901416900		
42.901590400		
42.901733700		
42.901874800		
42.905993400		
42.905996700		
42.905999200		
42.906006500		
42.906008400		
42.906013200		
42.906018400		
42.906022000		
42.906032900		
42.906036300		
42.906038800		
42.906041000		
42.906043600		
42.906045600		
42.906048000		
42.906050100		
42.906051600		
42.906053700		
42.906056000		
42.906057500		
42.906059300		
42.906061900		
42.906064300		
42.906067000		
42.906069600		
42.906072100		
42.906074600		
42.906077000		
42.906079200		
42.906081900		
42.906581700		
42.906589900		
42.906594300		
42.906597200		
42.906599100		
42.906601500		
42.906603800		
42.906607700		
42.906610200		
42.906613300		
42.906615700		
42.906617300		
42.906619300		
42.906629900		
42.906634400		
42.906636400		
42.906641000		
42.906644400		
42.906650200		
42.906653400		
42.906657600		
42.906662300		
42.906664500		
42.906666400		
42.906670800		
42.906673800		
42.906678700		
42.906681500		
42.906685500		
42.906689200		
42.906692400		
42.906694900		
42.906776300		
42.907044800		
42.907047200		
42.907049000		
42.907050900		
42.907052800		
42.907054100		
42.907056000		
42.907058400		
42.907060200		
42.907063300		
42.907158000		
42.907370500		
42.907493700		
42.907497900		
42.907502600		
42.907506500		
42.907508900		
42.907511200		
42.907513600		
42.907518300		
42.907521000		
42.907525000		
42.907527400		
42.907529300		
42.907531800		
42.907537700		
42.907541700		
42.907546700		
42.907549600		
42.907553500		
42.907557800		
42.907560200		
42.907916800		
42.908106200		
42.908294300		
42.908593800		
42.908772000		
42.917746900		
42.922983500		
42.922985000		
42.931565700		
42.972071300		
42.972494000		
42.973317900		
42.975176200		
42.975362800		
42.975644800		
42.975709100		
42.977220000		
42.977221200		
42.977402500		
42.977475900		
42.977610800		
42.977674500		
42.977748800		
42.977777500		
42.978380200		
42.979148700		
42.980924400		
42.980925500		
42.980926900		
42.980927800		
42.980928600		
42.981387300		
42.982348500		
42.982352000		
42.982631400		
42.983053700		
42.983413000		
42.983552400		
42.984483900		
42.984570700		
42.984701600		
42.984721100		
42.985535300		
42.985638800		
42.985698200		
42.986029800		
42.986900100		
42.987057800		
42.987114000		
42.987208200		
42.987248000		
43.007954200		
43.007955700		
43.007969400		
43.007975900		
43.012875500		
43.012879800		
43.012881400		
43.012883700		
43.012885800		
43.014023400		
43.014368500		
43.047933200		
43.065464300		
43.066139200		
43.101672500		
43.111066300		
43.111072200		
43.111074400		
43.111080400		
43.111081600		
43.111622300		
43.111969900		
43.151604800		
43.167860000		
43.232676200		
43.233486200		
43.234066800		
43.235938000		
43.235939800		
43.236218100		
43.236346500		
43.236714600		
43.236804500		
43.236851600		
43.236956400		
43.236964400		
43.237016900		
43.237169800		
43.237224600		
43.239760600		
43.240125500		
43.240126500		
43.240127200		
43.240127600		
43.240128300		
43.240270500		
43.240716100		
43.241758300		
43.241761300		
43.242129200		
43.242378900		
43.242677000		
43.242764500		
43.245056700		
43.245381500		
43.245402100		
43.245403000		
43.245472200		
43.245487600		
43.245541900		
43.261843500		
43.261844800		
43.262464700		
43.262466600		
43.262472700		
43.263530300		
43.263757800		
43.263810800		
43.263910700		
43.263961700		
43.272362000		
43.272365200		
43.272371100		
43.273175400		
43.273579200		
43.273757900		
43.278126600		
43.278351500		
43.280375700		
43.298332600		
43.298342300		
43.298551300		
43.298563200		
43.298565300		
43.298786500		
43.299334800		
43.299494100		
43.299783900		
43.299791600		
43.299793800		
43.299797000		
43.299804800		
43.299808300		
43.299981200		
43.299985100		
43.299987800		
43.299990400		
43.299992600		
43.299997400		
43.300294000		
43.300476800		
43.300623100		
43.300695900		
43.300761200		
43.300825500		
43.302804500		
43.313767000		
43.314441400		
43.329233700		
43.329239900		
43.329246200		
43.329562600		
43.329569100		
43.329574200		
43.329578900		
43.329583500		
43.329801200		
43.330034900		
43.330165800		
43.330295600		
43.330391600	10.111.18.225	162.159.135.234
43.339005300		
43.339015300		
43.339023700		
43.339029200		
43.339039600		
43.339042800		
43.339046800		
43.339049100		
43.339051700		
43.339100200		
43.339103600		
43.339421200	162.159.135.234	10.111.18.225
43.339425200		
43.339427700		
43.339807800		
43.340070100		
43.340194300		
43.340278200		
43.340358700		
43.340435400		
43.342356800		
43.342362800		
43.342718300		
43.343147100		
43.377702300		
43.394732000		
43.394741100		
43.394743700		
43.394746100		
43.395349600		
43.395592800		
43.397106900		
43.397110900		
43.397117800		
43.397120600		
43.397127800		
43.397130900		
43.397138300		
43.397141400		
43.397145800		
43.397151100		
43.397153700		
43.397159200		
43.397899100		
43.398127500		
43.398214600		
43.398215100		
43.398218800		
43.398285500		
43.398363800		
43.398437100		
43.398511900		
43.400739500		
43.400745700		
43.400750800		
43.400756400		
43.400757600		
43.401274100		
43.401620500		
43.405802000		
43.410777300		
43.413695900		
43.414073600		
43.414358200		
43.419061800		
43.419063900		
43.419429200		
43.430010600		
43.430011600		
43.430012200		
43.430180500		
43.430256600		
43.430275000		
43.430344300		
43.430420100		
43.430529200		
43.430563100		
43.430694900		
43.430743900		
43.432937800		
43.432939100		
43.432939700		
43.433174100		
43.433174800		
43.433175800		
43.434148600		
43.434448600		
43.435249300		
43.435251300		
43.435526900		
43.435724200		
43.437203000		
43.437382100		
43.437453500		
43.438140000		
43.438141400		
43.438142000		
43.438230000		
43.438338800		
43.438376300		
43.440142500		
43.440542000		
43.440623600		
43.452225400		
43.452399300		
43.452400200		
43.453237800		
43.453243100		
43.460717200	162.159.135.234	10.111.18.225
43.461778800		
43.461806600		
43.461807600		
43.462693500		
43.462924600		
43.465661700		
43.465664000		
43.465665200		
43.466118800		
43.477019100		
43.478253800		
43.478255900		
43.478257000		
43.478729000		
43.478916200		
43.493641200		
43.501613000	10.111.18.225	162.159.135.234
43.514802800		
43.519469300		
43.574493600		
43.578291200		
43.578292800		
43.578293400		
43.578804600		
43.590461300		
43.590463400		
43.590585600		
43.590954400		
43.598915400		
43.607140000		
43.629659200		
43.660396100		
43.660746700		
43.661010600		
43.661941300		
43.662236700		
43.665213100		
43.665214200		
43.665214800		
43.665388800		
43.665467800		
43.665486600		
43.665499700		
43.665557500		
43.665623100		
43.665648900		
43.665697600		
43.665738400		
43.671155000		
43.671156000		
43.671156700		
43.671157200		
43.671157800		
43.671251800		
43.671253200		
43.671255800		
43.671256900		
43.671510200		
43.671682600		
43.671811600		
43.673046200		
43.673198100		
43.673263400		
43.675185800		
43.675642900		
43.678308700		
43.678382200		
43.678522500		
43.678526700		
43.678545200		
43.678584200		
43.694070800		
43.694071800		
43.694083200		
43.694085300		
43.700917100		
43.700918800		
43.700919800		
43.700921100		
43.700921600		
43.701662200		
43.701897300		
43.707921700		
43.707923400		
43.708319200		
43.720904000		
43.720905900		
43.721218300		
43.725009600		
43.725157500		
43.725366800		
43.760966600		
43.792536600		
43.792548600		
43.792551500		
43.792553100		
43.792554500		
43.792555800		
43.792556500		
43.792558200		
43.796147200		
43.796662500		
43.797004000		
43.797509800		
43.797692100		
43.797769000		
43.797880600		
43.797929700		
43.802395100		
43.811633200		
43.814287200		
43.814288400		
43.814289100		
43.814289600		
43.814779800		
43.815989300		
43.896192100		
43.896194300		
43.896204400		
43.896205200		
43.896757200		
43.897337000		
43.923404400		
43.923583600		
43.926926700		
43.936262000		
43.937413400		
43.939068800		
43.939902200		
43.939905400		
43.939907000		
43.940348000		
43.940587800		
43.941857800		
43.941861800		
43.941872800		
43.941875500		
43.941879100		
43.941882100		
43.941887700		
43.941891500		
43.941895300		
43.941899300		
43.942476500		
43.942681700		
43.942782500		
43.942862600		
43.942957800		
43.946803300		
43.946809000		
43.946813800		
43.946816600		
43.946818200		
43.946820400		
43.946822600		
43.946826100		
43.946828100		
43.946831100		
43.946833300		
43.946835300		
43.946842400		
43.946845100		
43.947284300		
43.947509200		
43.951486000		
43.951490700		
43.951494600		
43.951498800		
43.951503300		
43.951506600		
43.951509900		
43.951512700		
43.951889800		
43.955039000		
43.955043100		
43.955044800		
43.955046700		
43.955053500		
43.955055300		
43.955057200		
43.955058900		
43.955493200		
43.958578300		
43.958581300		
43.958583500		
43.958585100		
43.960489500		
43.960584900		
43.960587700		
43.960589400		
43.960591900		
43.960593900		
43.960595500		
43.960597300		
43.960599200		
43.960600500		
43.961996000		
43.961998200		
43.962282300		
43.976818700		
43.977352200		
43.999002900		
44.006696200		
44.018648100		
44.023463500		
44.024599600		
44.027895700		
44.028052000		
44.043860300		
44.043867400		
44.043870000		
44.043872300		
44.043873900		
44.043875500		
44.043876700		
44.048858400		
44.053583800		
44.054273500		
44.054299600		
44.054304200		
44.054306600		
44.054317500		
44.054319500		
44.054321100		
44.054529200		
44.054531500		
44.054535100		
44.054537400		
44.054541000		
44.054544400		
44.054548800		
44.054552000		
44.054555800		
44.054559600		
44.054562500		
44.054565200		
44.054567900		
44.054570700		
44.054572400		
44.054574400		
44.054576500		
44.054578200		
44.054579500		
44.054581400		
44.054583300		
44.054585700		
44.054587300		
44.054589000		
44.054591300		
44.054592700		
44.054594400		
44.054596800		
44.054598600		
44.054601000		
44.054602700		
44.054604300		
44.054697600		
44.054876300		
44.054880200		
44.054883500		
44.054885400		
44.054886800		
44.054888500		
44.054890400		
44.054893100		
44.054894700		
44.055191300		
44.055389200		
44.055608200		
44.056148300		
44.056870800		
44.056873500		
44.056875400		
44.056883400		
44.056885800		
44.056889300		
44.056891500		
44.056894400		
44.056898000		
44.056901100		
44.056905100		
44.056909100		
44.056911800		
44.056915300		
44.056917300		
44.056918100		
44.057163900		
44.057260500		
44.057346900		
44.057535600		
44.057717100		
44.057777100		
44.057853900		
44.057885200		
44.058070500		
44.058191700		
44.058359100		
44.058363400		
44.058368800		
44.058459900		
44.058611300		
44.058653800		
44.059845700		
44.060181500		
44.060194400		
44.061592000		
44.061594200		
44.061595800		
44.061598100		
44.061601800		
44.061604300		
44.061620600		
44.061632600		
44.061633200		
44.061633800		
44.061634500		
44.061635100		
44.061635700		
44.061983200		
44.062014900		
44.062308300		
44.063320900		
44.063322900		
44.063563200		
44.063766500		
44.064451500		
44.064466500		
44.064469700		
44.064473000		
44.064476000		
44.064477100		
44.064477800		
44.064478900		
44.064825200		
44.066168900		
44.066358300		
44.066845200		
44.067522300		
44.067524500		
44.067525600		
44.067526100		
44.067641100		
44.067730100		
44.067758000		
44.067928500		
44.067998500		
44.068156900		
44.068265900		
44.068317000		
44.068830000		
44.073293600		
44.073640300		
44.078104800		
44.079388600		
44.079848300		
44.080256200		
44.084530000		
44.086099100		
44.086100300		
44.086101000		
44.086273700		
44.086353300		
44.086372500		
44.086381400		
44.086433500		
44.086498600		
44.086526500		
44.086577600		
44.086616000		
44.087882800		
44.088300100		
44.088626400		
44.088802500		
44.088803400		
44.088803900		
44.089288600		
44.089370200		
44.089371000		
44.089371600		
44.089639500		
44.089936800		
44.090151000		
44.090152200		
44.090269900		
44.090357400		
44.090461700		
44.090497600		
44.090911200		
44.090912700		
44.090914000		
44.090914700		
44.091078900		
44.091148500		
44.091202600		
44.091312500		
44.091351200		
44.091500900		
44.091609200		
44.091646000		
44.093283800		
44.093456300		
44.093596300		
44.093597200		
44.093742500		
44.093802400		
44.093912200		
44.093914100		
44.093915400		
44.093915500		
44.093916200		
44.093916900		
44.093917500		
44.093918000		
44.093918500		
44.093919000		
44.093977300		
44.094014800		
44.094068300		
44.094080300		
44.094114100		
44.094154400		
44.094166900		
44.094179200		
44.094227700		
44.094335200		
44.094336300		
44.094337100		
44.094606100		
44.094808000		
44.097923700		
44.099570100		
44.100011800		
44.100367800		
44.100615700		
44.100795200		
44.100900200		
44.103876700		
44.103878600		
44.103880400		
44.103881100		
44.103881600		
44.103882100		
44.103882600		
44.103883100		
44.103883700		
44.103885100		
44.103886100		
44.103886900		
44.103887900		
44.103900700		
44.103905800		
44.103907000		
44.103908400		
44.103909500		
44.103910100		
44.104050400		
44.104369700		
44.104567300		
44.104677600		
44.104764200		
44.105518900		
44.105804200		
44.106181500		
44.107988600		
44.108073900		
44.108230200		
44.108231000		
44.108231800		
44.108232400		
44.108253500		
44.108295200		
44.108331000		
44.108362500		
44.109431100		
44.109696300		
44.110303400		
44.111196100		
44.111208000		
44.114385800		
44.115583200		
44.115656300		
44.116243300		
44.116872500		
44.116875800		
44.116878300		
44.116880600		
44.116885900		
44.116888200		
44.122432300		
44.124272500		
44.124616600		
44.124623700		
44.124629400		
44.124631900		
44.124633200		
44.124640600		
44.124642200		
44.124643300		
44.124788000		
44.124788800		
44.124791600		
44.124792900		
44.124794000		
44.124869400		
44.124954800		
44.125585700		
44.125803000		
44.125829600		
44.126229500		
44.126499900		
44.126931900		
44.126935500		
44.127299200		
44.127301100		
44.128663000		
44.129023800		
44.129485100		
44.133640400		
44.133643800		
44.133647700		
44.133651400		
44.133653600		
44.133654900		
44.133658000		
44.133662600		
44.133671000		
44.133674000		
44.133677800		
44.133678400		
44.133680900		
44.133682300		
44.133682900		
44.133687700		
44.133690600		
44.133691900		
44.134683100		
44.134943100		
44.135230400		
44.135336700		
44.135401400		
44.135721700		
44.135859000		
44.136022500		
44.136105100		
44.136287200		
44.136808900		
44.154684500		
44.156907600		
44.159832300		
44.161583000		
44.161587800		
44.161591900		
44.161862200		
44.161864500		
44.161868100		
44.161869800		
44.162238700		
44.162333900		
44.166956100		
44.167106200		
44.167107800		
44.167108300		
44.167108800		
44.167109400		
44.167340800		
44.167762300		
44.168553700		
44.168555000		
44.168555800		
44.168566000		
44.168957200		
44.170086500		
44.173586000		
44.180892400		
44.182529200		
44.184521700		
44.191817700		
44.191819200		
44.199190800		
44.199561200		
44.206593400		
44.206594900		
44.215073200		
44.218281000		
44.234778800		
44.239775100		
44.291769700		
44.292773000		
44.293005300		
44.304096100		
44.304340700		
44.312635700		
44.312637900		
44.317194600		
44.329860600		
44.329862900		
44.335098500		
44.335167500		
44.394322900		
44.395960400		
44.409292100		
44.426949100		
44.427483600		
44.427921400		
44.431089800		
44.431092100		
44.432135300		
44.433898200	10.111.18.225	34.110.164.207
44.434232900	10.111.18.225	34.110.164.207
44.454072100	34.110.164.207	10.111.18.225
44.454724200	34.110.164.207	10.111.18.225
44.457000400		
44.457282300		
44.457937500		
44.458071100		
44.462181600		
44.462373000		
44.467426900	34.110.164.207	10.111.18.225
44.468498100	10.111.18.225	34.110.164.207
44.468582200		
44.468650000		
44.469028800	10.111.18.225	34.110.164.207
44.472439600		
44.472821700		
44.472823600		
44.473008600		
44.474652100		
44.474653900		
44.474654700		
44.475398000		
44.475400400		
44.475401400		
44.475403100		
44.475404000		
44.475404800		
44.475406000		
44.475414800		
44.475416000		
44.475417600		
44.475418500		
44.475419500		
44.475420400		
44.475471700		
44.475473900		
44.475475600		
44.475477300		
44.475478800		
44.475482800		
44.475484000		
44.475485300		
44.475487100		
44.475923900		
44.476166300		
44.480602500		
44.481089500		
44.481091100		
44.481091900		
44.481093200		
44.481094100		
44.481094900		
44.481095800		
44.481096700		
44.481097400		
44.481098700		
44.481099500		
44.481100200		
44.481106600		
44.481107700		
44.481108700		
44.481110000		
44.481110800		
44.481111600		
44.481112900		
44.481114300		
44.481115400		
44.481116900		
44.481118000		
44.481119000		
44.483557800		
44.483565500		
44.483718700		
44.483933900		
44.487885200		
44.487886900		
44.487888200		
44.487889700		
44.487890700		
44.487891600		
44.487903200		
44.487904000		
44.487909100		
44.487912100	34.110.164.207	10.111.18.225
44.487914100	34.110.164.207	10.111.18.225
44.488387100		
44.488436600	10.111.18.225	34.110.164.207
44.489013500		
44.494843600	34.110.164.207	10.111.18.225
44.494847800		
44.494858400		
44.494859900		
44.494861000		
44.494862200		
44.494863600		
44.494864800		
44.494865800		
44.494867000		
44.494868200		
44.494869500		
44.494870800		
44.494872400		
44.494873600		
44.494874500		
44.494875700		
44.494877300		
44.494878300		
44.495300600		
44.495301800		
44.495302600		
44.495303900		
44.495305000		
44.495305700		
44.495306600		
44.495307700		
44.495308500		
44.495309400		
44.495310300		
44.495311100		
44.495312000		
44.495316400		
44.495317400		
44.495318300		
44.495438700		
44.495798600		
44.496023100		
44.496183000		
44.500473000		
44.516871400		
44.520276300		
44.526312700	34.110.164.207	10.111.18.225
44.526765100	10.111.18.225	34.110.164.207
44.550775900		
44.573619100		
44.573621000	34.110.164.207	10.111.18.225
44.586655100		
44.606026200		
44.917913900		
44.964439500		
45.399825500	10.111.18.225	35.176.23.94
45.406382700		
45.440245200	35.176.23.94	10.111.18.225
45.440398300	35.176.23.94	10.111.18.225
45.463009400		
45.463012600		
45.463014400		
45.463835500		
45.487269500	10.111.18.225	35.176.23.94
45.497785000		
45.520176700		
45.795733000		
45.796607200		
45.804484900		
45.910942200		
45.954363500		
46.750514800		
46.794557700		
47.457721100		
47.504496600		
47.583908800		
47.628711700		
47.628875600		
47.628961400		
47.629001600		
47.629033200		
47.629064700		
47.629100800		
47.629146700		
47.629182000		
47.629215800		
47.629250700		
47.643418000		
47.645072200		
47.647401000		
47.650669800		
47.650671100		
47.650671800		
47.651338800		
47.651340800		
47.651342400		
47.651344400		
47.651346000		
47.651347500		
47.651349500		
47.651351000		
47.651352400		
47.651354100		
47.651355300		
47.651356500		
47.651358100		
47.651366900		
47.651368300		
47.651369800		
47.651371300		
47.651372500		
47.651373800		
47.651375000		
47.651376100		
47.651834200		
47.652043000		
47.653008100		
47.653009800		
47.653010500		
47.653011500		
47.653183900		
47.653184700		
47.653185500		
47.653187000		
47.653187900		
47.653188700		
47.653189800		
47.653190900		
47.653191700		
47.653199200		
47.653200000		
47.653200800		
47.653202100		
47.653203400		
47.653204100		
47.653205100		
47.653206400		
47.653207400		
47.653208500		
47.653209500		
47.653210400		
47.653483700		
47.653688600		
47.655231800		
47.655233200		
47.655234100		
47.655235400		
47.655236200		
47.655236900		
47.655238000		
47.655238900		
47.655239800		
47.655240800		
47.655241600		
47.655242400		
47.655243400		
47.655251800		
47.655252900		
47.655253800		
47.655254600		
47.655255600		
47.655256600		
47.655257400		
47.655258400		
47.655625500		
47.655815700		
47.655944300		
47.657404200		
47.657405500		
47.657406300		
47.657407600		
47.657408500		
47.657409200		
47.657410200		
47.657411300		
47.657412100		
47.657413000		
47.657413800		
47.657414600		
47.657422600		
47.657423700		
47.657424500		
47.657425800		
47.657426500		
47.657427500		
47.657428700		
47.657429600		
47.657430600		
47.657694100		
47.657694700		
47.657695200		
47.657695900		
47.657696400		
47.657697000		
47.657697800		
47.657698400		
47.657698900		
47.657699600		
47.657700100		
47.657700600		
47.657701500		
47.657705900		
47.657706500		
47.657707300		
47.657707800		
47.657708300		
47.657709000		
47.657709600		
47.657710100		
47.657711200		
47.657711900		
47.657712700		
47.657713700		
47.657714800		
47.657715800		
47.657716400		
47.657717800		
47.657718700		
47.657769000		
47.657770000		
47.657996100		
47.657996800		
47.658013600		
47.658272100		
47.658273100		
47.658273900		
47.658274800		
47.658275900		
47.658276600		
47.658277500		
47.658278200		
47.658279200		
47.658286900		
47.658287800		
47.658288500		
47.658289400		
47.658290100		
47.658290900		
47.658292100		
47.658292900		
47.658293900		
47.658294900		
47.658295600		
47.658296600		
47.658331300		
47.658553900		
47.658835800		
47.658877600		
47.658878800		
47.658879500		
47.658880800		
47.658881700		
47.658882500		
47.658883500		
47.658884400		
47.658885300		
47.658886200		
47.658887000		
47.658887800		
47.658888700		
47.658895000		
47.658896400		
47.658897400		
47.658898200		
47.658898900		
47.658900000		
47.658900900		
47.658901800		
47.658902900		
47.658978800		
47.659108000		
47.659329100		
47.659484000		
47.659614700		
47.660946600		
47.660948300		
47.660949200		
47.660950400		
47.660951200		
47.660952100		
47.660953300		
47.660954300		
47.660955000		
47.660955900		
47.660956700		
47.660957500		
47.660965700		
47.660966700		
47.660967500		
47.660968700		
47.660969400		
47.660970400		
47.660971700		
47.660972700		
47.660973600		
47.661361100		
47.661541000		
47.661600800		
47.661602000		
47.661602800		
47.661603800		
47.661604500		
47.661605300		
47.661606300		
47.661607100		
47.661607900		
47.661609000		
47.661609800		
47.661610500		
47.661611400		
47.661616800		
47.661617700		
47.661618700		
47.661619400		
47.661620300		
47.661621400		
47.661622200		
47.661623000		
47.661815000		
47.661960700		
47.662115000		
47.662412400		
47.662413600		
47.662414500		
47.662415600		
47.662416500		
47.662417400		
47.662418400		
47.662424500		
47.662425800		
47.662426800		
47.662427600		
47.662428400		
47.662434800		
47.662435700		
47.662436800		
47.662840300		
47.663342100		
47.663343600		
47.663344500		
47.663345400		
47.663346200		
47.663347000		
47.663348100		
47.663349000		
47.663349700		
47.663350600		
47.663351500		
47.663352300		
47.663353300		
47.663358000		
47.663359200		
47.663360200		
47.663361000		
47.663361900		
47.663363200		
47.663364300		
47.663365200		
47.663732200		
47.663926500		
47.664363300		
47.664364900		
47.664365900		
47.664367100		
47.664368100		
47.664369100		
47.664370000		
47.664370900		
47.664371900		
47.664372900		
47.664373900		
47.664374600		
47.664375600		
47.664383100		
47.664384500		
47.664385700		
47.664386400		
47.664387500		
47.664388600		
47.664389500		
47.664390400		
47.664630000		
47.664630900		
47.664631700		
47.664632500		
47.664633300		
47.664634000		
47.664635000		
47.664635700		
47.664636400		
47.664637600		
47.664638500		
47.664639300		
47.664640200		
47.664645200		
47.664646400		
47.664647400		
47.664648200		
47.664649000		
47.664650200		
47.664650900		
47.664651700		
47.664808700		
47.665006700		
47.665150200		
47.665194800		
47.665195900		
47.665196700		
47.665407300		
47.665546000		
47.665847700		
47.665848900		
47.665849600		
47.665850900		
47.665851700		
47.665852500		
47.665853500		
47.665854500		
47.665855300		
47.665862000		
47.665862800		
47.665864200		
47.665865600		
47.665866600		
47.665867500		
47.665868900		
47.665870200		
47.665871400		
47.665872600		
47.665873900		
47.665875000		
47.666270200		
47.666470300		
47.666751900		
47.666753400		
47.666754300		
47.666755500		
47.666756300		
47.666757000		
47.666758100		
47.666758800		
47.666759800		
47.666761300		
47.666762000		
47.666762900		
47.666764000		
47.666772100		
47.666773000		
47.666774200		
47.666775200		
47.666776000		
47.666777000		
47.666777800		
47.666778800		
47.666779900		
47.666780900		
47.666781700		
47.666782700		
47.666783700		
47.666784800		
47.666786200		
47.667274000		
47.667472400		
47.667617300		
47.667617500		
47.667618800		
47.667619900		
47.668891700		
47.668893200		
47.668894100		
47.668895400		
47.668896200		
47.668897100		
47.668897900		
47.668898700		
47.668899500		
47.668907400		
47.668908200		
47.668909200		
47.668910300		
47.668911100		
47.668911900		
47.669149200		
47.669149900		
47.669150700		
47.669151600		
47.669152400		
47.669153100		
47.669154000		
47.669154700		
47.669155400		
47.669156500		
47.669157200		
47.669157900		
47.669158900		
47.669161400		
47.669162200		
47.669163300		
47.669164400		
47.669165300		
47.669166400		
47.669167400		
47.669168300		
47.669169300		
47.669170100		
47.669170800		
47.669172000		
47.669172800		
47.669173800		
47.669174800		
47.669175600		
47.669176400		
47.669177400		
47.669178300		
47.669310100		
47.669368600		
47.669369300		
47.669369800		
47.669370400		
47.669505800		
47.669639200		
47.669695200		
47.669696500		
47.669697400		
47.669698400		
47.669699100		
47.669700000		
47.669700900		
47.669701700		
47.669706600		
47.669708200		
47.669709000		
47.669709800		
47.669710900		
47.669711700		
47.669712500		
47.669713600		
47.669714400		
47.669715400		
47.669716400		
47.669717200		
47.669718000		
47.669913700		
47.670044200		
47.670183100		
47.670399300		
47.671209700		
47.671210900		
47.671211700		
47.671212900		
47.671213800		
47.671214600		
47.671216000		
47.671216800		
47.671217800		
47.671549100		
47.672647000		
47.672648400		
47.672649500		
47.672654800		
47.672655700		
47.672656500		
47.672657500		
47.672658300		
47.672659200		
47.672660200		
47.672661100		
47.672662200		
47.672663300		
47.672664100		
47.672665000		
47.672666400		
47.672667300		
47.672668200		
47.672669200		
47.672670200		
47.672671000		
47.672672000		
47.672672700		
47.672673400		
47.673048400		
47.673049400		
47.673050200		
47.673051200		
47.673051900		
47.673052700		
47.673053800		
47.673054600		
47.673055500		
47.673056400		
47.673057100		
47.673058000		
47.673059100		
47.673060700		
47.673061500		
47.673062500		
47.673063300		
47.673064200		
47.673065100		
47.673065900		
47.673066600		
47.673084000		
47.673272300		
47.673414700		
47.673611600		
47.673612900		
47.673613600		
47.673614700		
47.673615500		
47.673616400		
47.673617300		
47.673618200		
47.673619100		
47.673620100		
47.673620900		
47.673621700		
47.673622900		
47.673628300		
47.673629300		
47.673630600		
47.673631500		
47.673632400		
47.673633300		
47.673634100		
47.673634800		
47.673672600		
47.673816300		
47.673945000		
47.674072800		
47.676060100		
47.676061500		
47.676062300		
47.676063500		
47.676064400		
47.676065300		
47.676066400		
47.676067300		
47.676068300		
47.676069100		
47.676070100		
47.676071000		
47.676079000		
47.676079900		
47.676081000		
47.676082100		
47.676082900		
47.676083700		
47.676084900		
47.676085700		
47.676086500		
47.676087700		
47.676088600		
47.676089800		
47.676345200		
47.676345900		
47.676346800		
47.676347500		
47.676348300		
47.676349100		
47.676349900		
47.676350600		
47.676351600		
47.676352300		
47.676353000		
47.676354000		
47.676354700		
47.676359500		
47.676360500		
47.676361200		
47.676362000		
47.676363000		
47.676368200		
47.676652200		
47.676831700		
47.676959100		
47.677202900		
47.679900500		
47.687149800		
47.688024500		
48.171106500		
48.215920800		
48.259934100		
48.303239600		
48.404270100		
48.404561200		
48.404752100		
48.407062200		
48.407063400		
48.407064000		
48.407221600		
48.407327400		
48.407346700		
48.407378200		
48.407504200		
48.407635700		
48.407670700		
48.407726000		
48.407755700		
48.409755000		
48.410166200		
48.410166900		
48.410167700		
48.410528100		
48.410528800		
48.411319400		
48.411545100		
48.411858100		
48.411860900		
48.412138600		
48.412382800		
48.413042100		
48.413534900		
48.413612700		
48.413841500		
48.413867900		
48.414477100		
48.414523800		
48.454808500		
48.483726600		
48.483734700		
48.483736000		
48.484089800		
48.484373800		
48.485659400		
48.485660800		
48.485661600		
48.485663100		
48.485664000		
48.485664900		
48.485670400		
48.485671200		
48.485672100		
48.485673300		
48.485681300		
48.485690000		
48.487549000		
48.487684000		
48.487749900		
48.487813600		
48.487875400		
48.487943300		
48.488122400		
48.488123300		
48.488134700		
48.488445400		
48.489673800		
48.489675000		
48.489682900		
48.489910300		
48.490034800		
48.525121500		
48.571607600		
48.575961000		
48.600765400		
48.604803500		
48.876085300		
48.921496200		
49.044884500		
49.045024200		
49.331077200		
49.331136900		
50.037078300		
50.049728300		
52.911964000		
52.912152100		
52.912191000		
52.912226900		
52.912261000		
52.912293800		
52.912326100		
52.912358700		
52.912391300		
52.912424800		
52.988840200		
52.991459400		
52.991460700		
52.991462000		
52.993545700		
52.993551400		
52.993552500		
52.993554000		
52.993555200		
52.993556300		
52.993557700		
52.993559100		
52.993559900		
52.993561600		
52.993562500		
52.993563400		
52.993564900		
52.993565800		
52.993566900		
52.993568300		
52.993569400		
52.993570500		
52.993571600		
52.993572500		
52.993573400		
52.993575000		
52.993575800		
52.993576900		
52.993578700		
52.993629600		
52.993630600		
52.993631700		
52.993632500		
52.993633200		
52.993634300		
52.993635500		
52.994007600		
52.994009300		
52.994010000		
52.994011100		
52.994012500		
52.994013400		
52.994014300		
52.994016000		
52.994016900		
52.994018300		
52.994019900		
52.994020600		
52.994045100		
52.994046400		
52.994047400		
52.994048100		
52.994049100		
52.994050200		
52.994051200		
52.994052200		
52.994053000		
52.994054000		
52.994055200		
52.994056000		
52.994056700		
52.994340700		
52.994645000		
52.994804200		
52.995213800		
52.995404100		
52.995533100		
52.996705900		
52.996708300		
52.996709400		
52.996710800		
52.996711700		
52.996712800		
52.996782100		
52.996783000		
52.996783900		
52.996784900		
52.996785700		
52.996786500		
52.996787800		
52.996788600		
52.996789400		
52.996790700		
52.996791700		
52.996792400		
52.996793500		
52.996794300		
52.996795300		
52.996796700		
52.996797600		
52.996798300		
52.996799700		
52.996841300		
52.996842800		
52.996843900		
52.996845000		
52.996845900		
52.996847200		
52.996848100		
52.997348500		
52.997350400		
52.997351300		
52.997351900		
52.997352900		
52.997353600		
52.997354500		
52.997356200		
52.997357000		
52.997358400		
52.997359600		
52.997360300		
52.997361100		
52.997362400		
52.997363200		
52.997364200		
52.997365600		
52.997366300		
52.997367400		
52.997368800		
52.997369700		
52.997370700		
52.997372000		
52.997372900		
52.997373700		
52.997374800		
52.997375800		
52.997376900		
52.997378100		
52.997379100		
52.997379800		
52.997381000		
52.997500000		
52.997759900		
52.997782100		
52.997783400		
52.997785000		
52.997786100		
52.997842900		
52.997844300		
52.997845100		
52.997845800		
52.997847000		
52.997847900		
52.997848600		
52.997849800		
52.997850600		
52.997851700		
52.997897700		
52.998316000		
52.998512100		
52.998670400		
52.998934800		
52.999248300		
52.999250600		
52.999251800		
52.999253300		
52.999254700		
52.999255800		
52.999257100		
52.999258000		
52.999259200		
52.999287400		
52.999288200		
52.999289000		
52.999290000		
52.999290700		
52.999291500		
52.999292500		
52.999293500		
52.999294500		
52.999295500		
52.999296300		
52.999297300		
52.999298600		
52.999299400		
52.999300100		
52.999301200		
52.999302100		
52.999302800		
52.999303800		
52.999332000		
52.999333300		
52.999334300		
52.999335000		
52.999928900		
52.999930700		
52.999932200		
52.999932900		
52.999934700		
52.999935600		
52.999936400		
52.999937500		
52.999938300		
52.999939200		
52.999940600		
52.999941600		
52.999942400		
52.999943700		
52.999944700		
52.999978300		
52.999979600		
52.999980400		
52.999981300		
52.999982700		
52.999983400		
52.999984100		
52.999985400		
52.999989200		
52.999989900		
52.999991300		
52.999992100		
52.999992900		
52.999994500		
52.999995300		
52.999996000		
52.999997200		
53.000342800		
53.000343700		
53.000345100		
53.000393500		
53.000394600		
53.000395900		
53.000396600		
53.000397500		
53.000401900		
53.000402800		
53.000403800		
53.000404900		
53.000405900		
53.000406900		
53.000408300		
53.000409100		
53.000409800		
53.000411000		
53.000412100		
53.000412800		
53.000414200		
53.000415000		
53.000433200		
53.000434400		
53.000435100		
53.000436000		
53.000437300		
53.000438100		
53.000439100		
53.000440300		
53.000441300		
53.000442200		
53.000809100		
53.000810400		
53.000811200		
53.000812400		
53.000813100		
53.000813900		
53.000815900		
53.000816600		
53.000817300		
53.000836600		
53.000837700		
53.000838700		
53.000840100		
53.000840800		
53.000841800		
53.000892300		
53.001146900		
53.001278900		
53.001406100		
53.001717400		
53.001855500		
53.001968200		
53.001969300		
53.001970400		
53.001971700		
53.001972500		
53.001973400		
53.001974500		
53.001975600		
53.001976600		
53.001977600		
53.001978300		
53.001979100		
53.001980500		
53.001986200		
53.002025100		
53.002026100		
53.002027100		
53.002027800		
53.002028500		
53.002029500		
53.002030200		
53.002031200		
53.002032100		
53.002032800		
53.002033500		
53.002034700		
53.002035400		
53.002036200		
53.002037200		
53.002038000		
53.002038700		
53.002039700		
53.002040400		
53.002200700		
53.002337800		
53.002371000		
53.002372100		
53.002372800		
53.002373500		
53.002374600		
53.002375300		
53.002409600		
53.002410700		
53.002411500		
53.002412200		
53.002413100		
53.002414100		
53.002415000		
53.002416000		
53.002416700		
53.002417600		
53.002418700		
53.002419400		
53.002420200		
53.002446100		
53.002446800		
53.002447700		
53.002449200		
53.002449900		
53.002450600		
53.002451600		
53.002452800		
53.002453900		
53.002454900		
53.002455700		
53.002456500		
53.002458000		
53.002467000		
53.002734600		
53.002768500		
53.002769500		
53.002770800		
53.002771500		
53.002772400		
53.002773600		
53.002804200		
53.002805600		
53.002806700		
53.002807500		
53.002808600		
53.002809700		
53.002810400		
53.002811100		
53.002812200		
53.002813200		
53.002814000		
53.002880300		
53.003011700		
53.003136900		
53.003386000		
53.003563500		
53.003722000		
53.004034200		
53.004215300		
53.004361600		
53.008143800		
53.008150100		
53.008151500		
53.008152500		
53.008154300		
53.008154900		
53.008700600		
53.008702300		
53.008703400		
53.008704800		
53.008705800		
53.008706800		
53.008708400		
53.008709300		
53.008710100		
53.008711400		
53.008712300		
53.008713300		
53.008714800		
53.008715600		
53.008716800		
53.008718100		
53.008718900		
53.008719800		
53.008721500		
53.008722300		
53.008723300		
53.008724900		
53.008725900		
53.008726900		
53.008728700		
53.008730000		
53.008730900		
53.008732200		
53.008733400		
53.008734300		
53.008778800		
53.008779800		
53.009140500		
53.009141900		
53.009142700		
53.009143600		
53.009144900		
53.009145800		
53.009146600		
53.009147800		
53.009148600		
53.009149500		
53.009150800		
53.009151600		
53.009152600		
53.009154000		
53.009154800		
53.009155600		
53.009157100		
53.009188300		
53.009189600		
53.009191000		
53.009191900		
53.009192900		
53.009194300		
53.009195200		
53.009196100		
53.009197800		
53.009198500		
53.009199300		
53.009200700		
53.009201700		
53.009202600		
53.009203900		
53.009212200		
53.009488400		
53.009524200		
53.009525300		
53.009526700		
53.009527500		
53.009553600		
53.009555000		
53.009555800		
53.009556700		
53.009558100		
53.009558900		
53.009559600		
53.009561000		
53.009561800		
53.009562500		
53.009563900		
53.009565000		
53.009566000		
53.009567400		
53.009568200		
53.009569000		
53.009570100		
53.009571000		
53.009571700		
53.009600500		
53.009601400		
53.009602200		
53.009603800		
53.009604500		
53.009605300		
53.009606700		
53.009607700		
53.009608700		
53.009636300		
53.010032600		
53.010034000		
53.010034800		
53.010036400		
53.010037800		
53.010038700		
53.010040100		
53.010041100		
53.010042300		
53.010044100		
53.010075300		
53.010076700		
53.010078200		
53.010078900		
53.010079700		
53.010081300		
53.010082300		
53.010083300		
53.010084800		
53.010085900		
53.010086700		
53.010087900		
53.010088900		
53.010089900		
53.010091400		
53.010099100		
53.010100200		
53.010101700		
53.010102600		
53.010103300		
53.010153900		
53.010411800		
53.010569700		
53.010709800		
53.011020500		
53.011208700		
53.011349700		
53.011597200		
53.011755600		
53.011913800		
53.012635600		
53.012636500		
53.012637400		
53.012638500		
53.012639400		
53.012640500		
53.012641500		
53.012642000		
53.012642900		
53.012644000		
53.012645100		
53.012645800		
53.012646800		
53.012649100		
53.012649600		
53.012650800		
53.012651400		
53.012651900		
53.012653300		
53.012653800		
53.012654700		
53.012655600		
53.012656100		
53.012657400		
53.012659000		
53.012659500		
53.012660400		
53.012661500		
53.012662600		
53.012663200		
53.012664300		
53.012664800		
53.013040300		
53.013041400		
53.013042400		
53.013043000		
53.013094100		
53.013095500		
53.013096700		
53.013097900		
53.013098800		
53.013099500		
53.013100600		
53.013101800		
53.013102600		
53.013103700		
53.013104500		
53.013105600		
53.013106700		
53.013107700		
53.013108600		
53.013109600		
53.013110200		
53.013110900		
53.013112500		
53.013161000		
53.013162200		
53.013255600		
53.013518800		
53.013594000		
53.013594900		
53.013595700		
53.013596900		
53.013597800		
53.013598500		
53.013600000		
53.013600900		
53.013601600		
53.013602700		
53.013603400		
53.013604200		
53.013605400		
53.013606200		
53.013606900		
53.013608100		
53.013609100		
53.013637600		
53.013638900		
53.013639800		
53.013640600		
53.013641700		
53.013642700		
53.013643700		
53.013645100		
53.013646000		
53.013646800		
53.013648600		
53.013649300		
53.013650200		
53.013651600		
53.013652400		
53.013655500		
53.013990700		
53.013992600		
53.013993700		
53.013994400		
53.014022600		
53.014023700		
53.014024800		
53.014026300		
53.014027100		
53.014027900		
53.014029000		
53.014030000		
53.014031100		
53.014032500		
53.014033500		
53.014034600		
53.014036300		
53.014037400		
53.014038200		
53.014039700		
53.014040600		
53.014041400		
53.014043000		
53.014077300		
53.014078300		
53.014079600		
53.014080700		
53.014081700		
53.014083100		
53.014083800		
53.014085100		
53.014086300		
53.014229100		
53.014376800		
53.014378100		
53.014379600		
53.014380400		
53.014381200		
53.014383200		
53.014384300		
53.014385100		
53.014386500		
53.014387500		
53.014418300		
53.014690600		
53.014973600		
53.015449100		
53.015679400		
53.015721200		
53.015722700		
53.015724200		
53.015725500		
53.015726600		
53.015727800		
53.015729100		
53.015730000		
53.015746400		
53.015748800		
53.015749500		
53.015839500		
53.015978200		
53.016248700		
53.016400300		
53.016539400		
53.016785200		
53.024789300		
53.027312100		
53.027490500		
53.027530200		
53.027564100		
53.034533500		
53.034535800		
53.035040900		
53.035176900		
53.035214500		
53.035248400		
53.035282300		
53.035314400		
53.042424100		
53.047384300		
53.051001000		
53.055626900		
53.055629200		
53.056105000		
53.063653400		
53.074778200		
53.572835800		
53.624622200		
53.730008900		
53.787300200		
53.803816000		
53.803820500		
53.829769800		
53.931673900		
53.931679400		
53.931681900		
53.932339500		
53.967792500		
53.972440700		
54.105688900		
54.115804100		
54.294776300		
54.345033200		
54.617349300		
54.651271700		
54.979611900		
54.987770800		
55.062149400		
55.070024000		
55.397568800	10.111.18.225	35.176.23.94
55.438318700	35.176.23.94	10.111.18.225
55.485686600	10.111.18.225	35.176.23.94
55.731986300		
55.732124000		
55.737852200		
55.739140500		
55.739677900		
55.739982900		
55.741924900		
55.742104000		
55.742221700		
55.742267400		
55.742331700		
55.742387700		
55.742417300		
55.742470200		
55.742486700		
55.742512300		
55.742623400		
55.742668000		
55.745155500		
55.745156900		
55.745157700		
55.745409200		
55.745410500		
55.745411300		
55.746223600		
55.746608100		
55.746691100		
55.746900900		
55.747232700		
55.747468500		
55.749103300		
55.749281500		
55.749594100		
55.749908800		
55.749909800		
55.749910500		
55.749998100		
55.750087100		
55.750121900		
55.750517100		
55.764841500		
55.765907300		
55.778561300		
55.778709400		
55.778710700		
55.778711700		
55.778713300		
55.779486100		
55.779674800		
55.794235600		
55.794239300		
55.794771800		
55.829859900		
55.896137600		
55.896140300		
55.896736700		
55.900402600		
55.911753300		
55.919188200		
55.929161600		
56.028864500		
56.035235800		
56.044470200		
56.051797800		
56.071812100		
56.240158900		
56.277013900		
56.487785100		
56.527810700		
56.737358100		
56.771974300		
56.979245800		
57.074081300		
57.075982600		
57.083400900		
57.284102500		
57.398662200		
57.400022800		
57.400025500		
57.409409100		
57.446513500		
57.612802500		
57.720304900		
58.127367100		
58.232474900		
58.446115200	54.76.39.252	10.111.18.225
58.446117600	54.76.39.252	10.111.18.225
58.446119200	54.76.39.252	10.111.18.225
58.446260900	10.111.18.225	54.76.39.252
58.446598800	10.111.18.225	54.76.39.252
58.542086100	54.76.39.252	10.111.18.225
58.626775100		
58.846711900		
58.846714300		
58.903008300		
59.046254500		
59.080740600		
59.155412500		
59.157786100		
59.168832700		
59.359524800		
59.359526400		
59.360087700		
59.493280100		
59.567198700		
59.581390800		
59.581551200		
59.581597800		
59.581666200		
59.581713800		
59.581752200		
59.581789700		
59.581825300		
59.581860400		
59.581896400		
59.654636900		
59.666662200		
59.666663800		
59.666676600		
59.666682600		
59.666698800		
59.666702000		
59.666704800		
59.666707100		
59.666712100		
59.666716000		
59.666718400		
59.666724300		
59.666727200		
59.666737000		
59.666740300		
59.666744300		
59.666746700		
59.666752200		
59.666755200		
59.666759900		
59.666762700		
59.667237200		
59.667242500		
59.667245900		
59.667248800		
59.667251700		
59.667254400		
59.667258900		
59.667262500		
59.667264900		
59.667267700		
59.667271100		
59.667274100		
59.667276700		
59.667279000		
59.667281800		
59.667284100		
59.667287700		
59.667292600		
59.667296700		
59.667304100		
59.667309700		
59.667510000		
59.667724000		
59.667735200		
59.667737600		
59.667739700		
59.667741000		
59.667742700		
59.667744700		
59.667747800		
59.667751000		
59.667753200		
59.667757100		
59.667760100		
59.667761600		
59.667766700		
59.667774100		
59.667777100		
59.667779800		
59.667781500		
59.667783600		
59.667785800		
59.667787500		
59.667789100		
59.667892900		
59.668255600		
59.668258900		
59.668262600		
59.668264600		
59.668266100		
59.668267900		
59.668269500		
59.668273300		
59.668275300		
59.668276800		
59.668279000		
59.668280700		
59.668282600		
59.668287800		
59.668290500		
59.668292400		
59.668296000		
59.668298400		
59.668301600		
59.668303500		
59.668306500		
59.668377000		
59.668595400		
59.668751100		
59.668809100		
59.668811400		
59.668814200		
59.668815800		
59.668817200		
59.668818800		
59.668820300		
59.668822500		
59.668823800		
59.668825200		
59.668826800		
59.668828400		
59.668833300		
59.668834800		
59.668836400		
59.668838000		
59.668840200		
59.668842000		
59.668843700		
59.668847200		
59.668849600		
59.668930300		
59.669080000		
59.669537900		
59.669929100		
59.673933200		
59.673938800		
59.673941800		
59.673943700		
59.673945300		
59.673947200		
59.673949300		
59.673951100		
59.673954900		
59.673956900		
59.673960600		
59.673964500		
59.673973800		
59.673978200		
59.673981900		
59.673984700		
59.673987300		
59.673989600		
59.673991900		
59.673993600		
59.673995300		
59.674423500		
59.674455800		
59.674459400		
59.674463700		
59.674465500		
59.674467100		
59.674468400		
59.674470100		
59.674473400		
59.674475100		
59.674476800		
59.674479900		
59.674481800		
59.674483600		
59.674490100		
59.674492600		
59.674494100		
59.674497000		
59.674498900		
59.674502500		
59.674504100		
59.674507200		
59.674509900		
59.674512100		
59.674514800		
59.674517000		
59.674519400		
59.674520800		
59.674522700		
59.674524000		
59.674525300		
59.674526900		
59.674528100		
59.674631600		
59.674770200		
59.674784400		
59.674786600		
59.674788600		
59.674791700		
59.674794000		
59.674795500		
59.674797900		
59.674800100		
59.674801600		
59.674803000		
59.674805400		
59.674806900		
59.674808200		
59.674810300		
59.674811900		
59.674813100		
59.674815800		
59.674817500		
59.674819400		
59.674822500		
59.674824500		
59.674826300		
59.674830800		
59.674833400		
59.674836100		
59.674837700		
59.674840500		
59.674843600		
59.674846300		
59.674848400		
59.674850500		
59.674853200		
59.674938700		
59.675130700		
59.675132400		
59.675135700		
59.675137200		
59.675139500		
59.675141700		
59.675143800		
59.675146600		
59.675150000		
59.675152000		
59.675154500		
59.675156600		
59.675158400		
59.675159900		
59.675162000		
59.675163700		
59.675165500		
59.675169100		
59.675171500		
59.675174800		
59.675176900		
59.675179500		
59.675182400		
59.675186700		
59.675189900		
59.675192600		
59.675194900		
59.675197200		
59.675199100		
59.675202800		
59.675205000		
59.675207900		
59.675287300		
59.675444900		
59.675501100		
59.675503100		
59.675504900		
59.675506600		
59.675508600		
59.675510400		
59.675512300		
59.675514300		
59.675515700		
59.675517100		
59.675518900		
59.675520600		
59.675522300		
59.675544700		
59.675546400		
59.675547900		
59.675550000		
59.675551600		
59.675553300		
59.675554800		
59.675556700		
59.675558500		
59.675560700		
59.675563300		
59.675566000		
59.675569200		
59.675571400		
59.675588600		
59.675807300		
59.675962600		
59.676096900		
59.676110400		
59.676115200		
59.676121200		
59.676123300		
59.676125200		
59.676126900		
59.676128800		
59.676132500		
59.676134300		
59.676136300		
59.676139300		
59.676141400		
59.676149500		
59.676151100		
59.676153600		
59.676155000		
59.676157800		
59.676160700		
59.676164100		
59.676165900		
59.676168900		
59.676332400		
59.676472100		
59.676502500		
59.676505100		
59.676509200		
59.676512600		
59.676517700		
59.676519600		
59.676522200		
59.676523900		
59.676525200		
59.676526900		
59.676528500		
59.676531800		
59.676535300		
59.676546200		
59.676549100		
59.676552200		
59.676554900		
59.676557300		
59.676559500		
59.676561400		
59.676562800		
59.676565700		
59.676567000		
59.676569300		
59.676570800		
59.676572100		
59.676573700		
59.676575600		
59.676577800		
59.676579700		
59.676582600		
59.676585400		
59.676599100		
59.676742800		
59.676882900		
59.676886500		
59.676888700		
59.676890100		
59.676891800		
59.676893100		
59.676894200		
59.676896900		
59.676898200		
59.676899400		
59.676902200		
59.676903600		
59.676905000		
59.676911000		
59.676912400		
59.676913900		
59.676916400		
59.676917900		
59.676920000		
59.676921700		
59.676924100		
59.676926000		
59.676928000		
59.676930700		
59.676933800		
59.676936800		
59.676939100		
59.676941000		
59.676942800		
59.676944800		
59.676946100		
59.676947900		
59.676963800		
59.677099200		
59.677204700		
59.677206500		
59.677208000		
59.677209100		
59.677210300		
59.677211900		
59.677213100		
59.677214900		
59.677216600		
59.677217700		
59.677219200		
59.677221800		
59.677223000		
59.677227300		
59.677230500		
59.677432300		
59.677570200		
59.677695700		
59.677752700		
59.677756600		
59.677760600		
59.677762300		
59.677763800		
59.677766200		
59.677768500		
59.677772000		
59.677774300		
59.677775900		
59.677778900		
59.677780400		
59.677787600		
59.677789100		
59.677791500		
59.677793100		
59.677797000		
59.677799100		
59.677903600		
59.678048900		
59.678184200		
59.678208300		
59.678210800		
59.678214000		
59.678217600		
59.678220000		
59.678224100		
59.678228200		
59.678231600		
59.678297500		
59.678302400		
59.678303800		
59.678306100		
59.678311200		
59.678313100		
59.678313600		
59.678314700		
59.678318200		
59.678322100		
59.678325200		
59.678328500		
59.678330800		
59.678332700		
59.678530300		
59.678653200		
59.678726600		
59.678730000		
59.678733300		
59.678735000		
59.678736900		
59.678738700		
59.678740500		
59.678744300		
59.678746400		
59.678748000		
59.678750400		
59.678752100		
59.678753700		
59.678758800		
59.678761300		
59.678762900		
59.678766100		
59.678767700		
59.678770200		
59.678771600		
59.678773400		
59.678785900		
59.678978400		
59.679102100		
59.679219200		
59.679314500		
59.679318300		
59.679322300		
59.679324000		
59.679326000		
59.679327800		
59.679329600		
59.679333200		
59.679335200		
59.679336900		
59.679339500		
59.679341600		
59.679347800		
59.679350000		
59.679352600		
59.679354000		
59.679357400		
59.679360100		
59.679362800		
59.679364800		
59.679367200		
59.679435400		
59.679573000		
59.679707000		
59.683605900		
59.683609200		
59.683613800		
59.683617200		
59.683619500		
59.683621100		
59.683625800		
59.683627900		
59.683631800		
59.683635000		
59.683636500		
59.683637900		
59.683647400		
59.683650200		
59.683651800		
59.683656800		
59.683660500		
59.683663200		
59.684044600		
59.684058000		
59.684061300		
59.684064800		
59.684066400		
59.684067900		
59.684069200		
59.684070700		
59.684073900		
59.684075500		
59.684077300		
59.684080100		
59.684081600		
59.684083200		
59.684085000		
59.684087100		
59.684088600		
59.684091500		
59.684093500		
59.684097300		
59.684099200		
59.684102100		
59.684104500		
59.684105800		
59.684108300		
59.684110500		
59.684111800		
59.684113700		
59.684116300		
59.684117500		
59.684119900		
59.684121500		
59.684122900		
59.684242600		
59.684377000		
59.684428600		
59.684430500		
59.684432300		
59.684433700		
59.684435500		
59.684436700		
59.684438100		
59.684440200		
59.684441600		
59.684442800		
59.684444600		
59.684445800		
59.684447200		
59.684453600		
59.684455300		
59.684456700		
59.684458900		
59.684460400		
59.684462000		
59.684463700		
59.684465600		
59.684467500		
59.684469000		
59.684470600		
59.684473200		
59.684475400		
59.684476600		
59.684478200		
59.684480200		
59.684482800		
59.684484900		
59.684488500		
59.684507300		
59.684788700		
59.684791000		
59.684793400		
59.684794700		
59.684795900		
59.684797300		
59.684798400		
59.684799900		
59.684800200		
59.684801700		
59.684803100		
59.684805200		
59.684806500		
59.684807800		
59.684815300		
59.684816900		
59.684818100		
59.684819800		
59.684821400		
59.684823200		
59.684824600		
59.684826800		
59.684828200		
59.684829800		
59.684832400		
59.684833700		
59.684835300		
59.684836900		
59.684838900		
59.684840200		
59.684843000		
59.684845300		
59.684847500		
59.684945800		
59.685077100		
59.685127600		
59.685129400		
59.685130800		
59.685132500		
59.685133800		
59.685135300		
59.685136700		
59.685138000		
59.685139400		
59.685140700		
59.685142100		
59.685143600		
59.685144900		
59.685151500		
59.685153000		
59.685154500		
59.685156300		
59.685157900		
59.685160100		
59.685161300		
59.685162900		
59.685436400		
59.685616100		
59.686054900		
59.686058500		
59.686062900		
59.686069700		
59.686071900		
59.686074100		
59.686077800		
59.686079500		
59.686081500		
59.686083000		
59.686086400		
59.686088200		
59.686093600		
59.686100400		
59.686103500		
59.686107300		
59.686110000		
59.686111900		
59.686113700		
59.686115800		
59.686118300		
59.686169500		
59.686477900		
59.686480500		
59.686482600		
59.686484400		
59.686486000		
59.686488100		
59.686490600		
59.686492200		
59.686494500		
59.686496700		
59.686499000		
59.686500500		
59.686502500		
59.686504400		
59.686506600		
59.686509100		
59.686511300		
59.686513300		
59.686515600		
59.686517600		
59.686519700		
59.686522100		
59.686524100		
59.686554200		
59.686557400		
59.686559500		
59.686561600		
59.686564000		
59.686567400		
59.686569200		
59.686571000		
59.686573800		
59.686770000		
59.686956800		
59.686961200		
59.686965700		
59.686967600		
59.686970300		
59.686972000		
59.686974300		
59.686978600		
59.686980700		
59.686982400		
59.686986900		
59.686988900		
59.686990500		
59.686992400		
59.686995100		
59.686997100		
59.687101400		
59.687267300		
59.687574500		
59.687936800		
59.688129100		
59.688310000		
59.688452800		
59.688456800		
59.688485900		
59.688497600		
59.688504000		
59.688511200		
59.688515600		
59.688548900		
59.688553500		
59.688557400		
59.688562600		
59.688565700		
59.688572300		
59.688578300		
59.688581400		
59.688587100		
59.688590800		
59.688593900		
59.688599900		
59.688602800		
59.688610100		
59.688615900		
59.688620100		
59.688624300		
59.688801800		
59.689214600		
59.689448100		
59.690436900		
59.690782800		
59.690921700		
59.691167700		
59.691175100		
59.691182900		
59.691185200		
59.691187400		
59.691189700		
59.691193200		
59.691198300		
59.691202000		
59.691205500		
59.691211000		
59.691213600		
59.691227200		
59.691230000		
59.691233500		
59.691236100		
59.691241400		
59.691243900		
59.691249200		
59.691251900		
59.691255500		
59.691260200		
59.691263300		
59.691266500		
59.691269000		
59.691271200		
59.691272900		
59.691275600		
59.691278300		
59.691280600		
59.691282600		
59.691283900		
59.691625100		
59.691626200		
59.691628900		
59.691631600		
59.691634000		
59.691882500		
59.691890800		
59.691893900		
59.691898500		
59.691902800		
59.691905100		
59.691907300		
59.691914000		
59.691916900		
59.691920000		
59.691923900		
59.691928100		
59.691933900		
59.691941000		
59.691944900		
59.691949600		
59.691956500		
59.691960100		
59.691966300		
59.691970100		
59.691972600		
59.691976800		
59.691979700		
59.691982500		
59.691988800		
59.691992900		
59.692000100		
59.692005500		
59.692011300		
59.692016100		
59.692021100		
59.692024000		
59.692028000		
59.692052100		
59.692336600		
59.692383100		
59.692386000		
59.692387700		
59.692389200		
59.692390800		
59.692392100		
59.692393500		
59.692395400		
59.692396800		
59.692398200		
59.692402300		
59.692404000		
59.692406000		
59.692414400		
59.692416000		
59.692417800		
59.692420900		
59.692422600		
59.692425200		
59.692426800		
59.692432100		
59.692435500		
59.692438000		
59.692440300		
59.692442300		
59.692444400		
59.692446300		
59.692449700		
59.692452300		
59.692454300		
59.692455000		
59.692643200		
59.692910000		
59.693058800		
59.693336200		
59.693564400		
59.693698000		
59.700048100		
59.701823200		
59.701940300		
59.701985000		
59.702028100		
59.704535400		
59.704704500		
59.704759800		
59.704801200		
59.704857500		
59.704895300		
59.716673700		
59.768598500		
59.768600600		
59.768602100		
59.768756800		
59.772537000		
59.790636100		
60.689362900		
60.695607300		
60.747603700		
60.749040300		
61.216404000	10.111.18.225	35.176.23.94
61.410603000	35.176.23.94	10.111.18.225
61.410605300		
61.410607100		
61.410607900		
61.410608700		
61.410609400		
61.410609900		
61.410809800		
61.411316500		
61.418999800		
61.421542700		
61.612842100		
61.715125200		
61.920677100		
62.022064500		
62.236092300		
62.328586000		
62.542009700		
62.608088100		
62.609493600		
62.609496500		
62.616338700		
62.657131700		
62.813112600		
62.942844300		
63.149549900		
63.250143600		
63.661050200		
63.762397700		
64.274131400		
64.303359000		
64.303773800		
64.311282600		
64.578573500		
64.683849500		
65.398515000	10.111.18.225	35.176.23.94
65.503092800	35.176.23.94	10.111.18.225
65.503095800	35.176.23.94	10.111.18.225
65.545509800	10.111.18.225	35.176.23.94
66.070356400		
66.070561000		
66.070612300		
66.070655600		
66.070696700		
66.070734100		
66.070772700		
66.070809600		
66.070845800		
66.070886300		
66.123596400		
66.123599300		
66.123622000		
66.124924900		
66.124932200		
66.124943300		
66.124945500		
66.124948400		
66.124950800		
66.124958100		
66.124961600		
66.124964300		
66.124970000		
66.124971700		
66.124974100		
66.124976400		
66.124979800		
66.124982100		
66.124987800		
66.124989900		
66.124995000		
66.124998500		
66.125003700		
66.125008900		
66.125013600		
66.125020000		
66.125025700		
66.125383000		
66.125387300		
66.125389600		
66.125392500		
66.125396600		
66.125398700		
66.125404200		
66.125406300		
66.125407700		
66.125412100		
66.125413500		
66.125419200		
66.125423900		
66.125427400		
66.125430700		
66.125433000		
66.125435600		
66.125438300		
66.125440400		
66.125443200		
66.125445000		
66.125447300		
66.125448700		
66.125450300		
66.125452000		
66.125454000		
66.125456000		
66.125457800		
66.125459400		
66.125461900		
66.125463600		
66.125465600		
66.125714000		
66.125719000		
66.125724100		
66.125727600		
66.125822400		
66.125824800		
66.125826900		
66.125831500		
66.125834300		
66.125837000		
66.125841500		
66.125843700		
66.125845900		
66.125848200		
66.125851700		
66.125854500		
66.125859100		
66.125862300		
66.125866100		
66.125868700		
66.125872800		
66.125876100		
66.125879600		
66.125884300		
66.125887000		
66.126222100		
66.126689900		
66.126994500		
66.127264200		
66.127419500		
66.127556200		
66.127776200		
66.127916100		
66.130192100		
66.130204500		
66.130213800		
66.130218400		
66.130221900		
66.130225600		
66.130230100		
66.130238300		
66.130242100		
66.130252300		
66.130256300		
66.130264400		
66.130278200		
66.130281300		
66.130286800		
66.130289900		
66.130293400		
66.130296100		
66.130302000		
66.130305400		
66.130313900		
66.130960000		
66.130964100		
66.130967800		
66.130970500		
66.130972900		
66.130976000		
66.130978500		
66.130982400		
66.130985200		
66.130988400		
66.130993500		
66.130996300		
66.130999500		
66.131003300		
66.131007600		
66.131010900		
66.131016500		
66.131019400		
66.131024500		
66.131027800		
66.131033200		
66.131037900		
66.131042100		
66.131049800		
66.131053600		
66.131056300		
66.131059800		
66.131062400		
66.131064800		
66.131068100		
66.131081200		
66.131297800		
66.131424200		
66.131547900		
66.131554600		
66.131557900		
66.131563800		
66.131569300		
66.131574400		
66.131578200		
66.131581900		
66.131585300		
66.131588300		
66.131591400		
66.131594800		
66.131598000		
66.131601100		
66.131604700		
66.131608400		
66.131611500		
66.131614300		
66.131617500		
66.131621500		
66.131625100		
66.131628300		
66.131631700		
66.131635100		
66.131639200		
66.131642000		
66.131645100		
66.131649400		
66.131653000		
66.131656000		
66.131659100		
66.131662200		
66.131738900		
66.131887400		
66.132023400		
66.132030800		
66.132168500		
66.132234500		
66.132238100		
66.132240700		
66.132243500		
66.132246000		
66.132249100		
66.132251900		
66.132253900		
66.132255800		
66.132260700		
66.132263700		
66.132266600		
66.132269900		
66.132272800		
66.132275900		
66.132278500		
66.132281000		
66.132282400		
66.132285400		
66.132288400		
66.132294400		
66.132296900		
66.132302100		
66.132304200		
66.132412300		
66.132556300		
66.132686600		
66.132924300		
66.135312000		
66.135318500		
66.135324900		
66.135328100		
66.135330000		
66.135332300		
66.135334300		
66.135337600		
66.135343400		
66.135349700		
66.135351700		
66.135354200		
66.135624100		
66.135630400		
66.135633400		
66.135636200		
66.135640200		
66.135642300		
66.135648000		
66.135650200		
66.135654300		
66.135657400		
66.135662000		
66.135666300		
66.135670500		
66.135676000		
66.135681700		
66.135684100		
66.135689000		
66.135735500		
66.135744800		
66.135753000		
66.135760200		
66.135762500		
66.135764900		
66.135767100		
66.135771200		
66.135779300		
66.135784900		
66.135988800		
66.136245100		
66.136395500		
66.136710900		
66.140399500		
66.140407000		
66.140413200		
66.140419100		
66.140422300		
66.140428900		
66.140431900		
66.140433900		
66.140437900		
66.140440600		
66.140443100		
66.140445000		
66.140463100		
66.140467000		
66.140469300		
66.140497900		
66.140937900		
66.141479200		
66.141483400		
66.141487700		
66.141490000		
66.141491500		
66.141492800		
66.141497800		
66.141503400		
66.141507300		
66.141509000		
66.141511300		
66.141514400		
66.141517200		
66.141526400		
66.141528300		
66.141530300		
66.141531500		
66.141534400		
66.141537200		
66.141540100		
66.141541900		
66.141543900		
66.141544900		
66.141546200		
66.141547900		
66.141549200		
66.141550400		
66.141552400		
66.141556600		
66.141561700		
66.142092300		
66.142097000		
66.142099400		
66.142102000		
66.142104300		
66.142109200		
66.142113200		
66.142113800		
66.142119100		
66.142121900		
66.142124500		
66.142126200		
66.142128400		
66.142133000		
66.142137300		
66.142139000		
66.142141300		
66.142146300		
66.142148600		
66.142152900		
66.142154700		
66.142156200		
66.142158500		
66.142160600		
66.142162400		
66.142164600		
66.142166400		
66.142167900		
66.142170700		
66.142172800		
66.142174700		
66.142177000		
66.142178700		
66.142431000		
66.142519400		
66.142522200		
66.142524300		
66.142525800		
66.142527700		
66.142528700		
66.142530600		
66.142533700		
66.142536100		
66.142537400		
66.142539900		
66.142542100		
66.142544200		
66.142546100		
66.142548100		
66.142550000		
66.142551900		
66.142553400		
66.142554500		
66.142556000		
66.142557100		
66.142558600		
66.142560000		
66.142561100		
66.142562400		
66.142564300		
66.142565400		
66.142566700		
66.142569200		
66.142570300		
66.142572100		
66.142574400		
66.142596300		
66.142838600		
66.142839900		
66.142842100		
66.142843400		
66.142845500		
66.142847000		
66.142847900		
66.142848900		
66.142851000		
66.142852700		
66.142854300		
66.142855900		
66.142857100		
66.142858700		
66.142860000		
66.142861000		
66.142862100		
66.142864100		
66.142865400		
66.142866500		
66.142928100		
66.143089400		
66.143244700		
66.143249300		
66.143251200		
66.143253000		
66.143254500		
66.143255300		
66.143256500		
66.143258300		
66.143260600		
66.143263000		
66.143264500		
66.143266900		
66.143269400		
66.143271300		
66.143279000		
66.143280800		
66.143282700		
66.143284000		
66.143285400		
66.143287000		
66.143288200		
66.143289500		
66.143291000		
66.143292000		
66.143293300		
66.143295000		
66.143295800		
66.143297000		
66.143299100		
66.143300700		
66.143302400		
66.143304400		
66.143305600		
66.143424400		
66.143591700		
66.143593600		
66.143594800		
66.143596000		
66.143597400		
66.143598300		
66.143599500		
66.143601600		
66.143602700		
66.143603600		
66.143605400		
66.143606700		
66.143608300		
66.143613600		
66.143614800		
66.143616000		
66.143618200		
66.143619500		
66.143620900		
66.143622600		
66.143624500		
66.143625900		
66.143628000		
66.143629300		
66.143630800		
66.143633000		
66.143634900		
66.143636500		
66.143638600		
66.143639900		
66.143641700		
66.143643700		
66.143695800		
66.143851600		
66.143960600		
66.143962300		
66.143964200		
66.143965300		
66.143966200		
66.143991800		
66.144110200		
66.144111500		
66.144113700		
66.144115600		
66.144116600		
66.144118000		
66.144120000		
66.144121600		
66.144126800		
66.144229600		
66.144384400		
66.144515900		
66.144736100		
66.144875300		
66.144999300		
66.145002400		
66.145005000		
66.145013100		
66.145156900		
66.145413000		
66.145552100		
66.145564000		
66.145569100		
66.145571100		
66.145574400		
66.145578300		
66.145580200		
66.145581700		
66.145583600		
66.145586000		
66.145594400		
66.145596000		
66.145597500		
66.145602500		
66.145604400		
66.145607300		
66.145609300		
66.145612700		
66.145614700		
66.145617400		
66.145619000		
66.145622500		
66.145684400		
66.145988800		
66.146070700		
66.146074400		
66.146077600		
66.146079600		
66.146081200		
66.146082500		
66.146086200		
66.146090800		
66.146094600		
66.146096500		
66.146099800		
66.146102800		
66.146106700		
66.146108200		
66.146109800		
66.146112800		
66.146114600		
66.146116100		
66.146120200		
66.146123700		
66.146127400		
66.146143600		
66.146487600		
66.146662100		
66.146825400		
66.146829600		
66.146833200		
66.146835500		
66.146837200		
66.146840000		
66.146843100		
66.146848100		
66.146852400		
66.146854200		
66.146856500		
66.146860000		
66.146864600		
66.146869000		
66.146870600		
66.146875100		
66.146877100		
66.146880800		
66.146883300		
66.146885000		
66.146887000		
66.146888800		
66.146890600		
66.146893800		
66.146897500		
66.146899500		
66.146901000		
66.147484400		
66.147621000		
66.147629800		
66.147636700		
66.147639900		
66.147641900		
66.147644600		
66.147649900		
66.147656900		
66.147663400		
66.147666300		
66.147671100		
66.147676400		
66.147687300		
66.147690300		
66.147692700		
66.147753200		
66.147760200		
66.147762600		
66.147766400		
66.147770900		
66.147776100		
66.147779000		
66.147781100		
66.147784100		
66.147787400		
66.147790600		
66.147793500		
66.147810100		
66.148375600		
66.148987700		
66.149205500		
66.150712100		
66.150725000		
66.150734500		
66.150738100		
66.150742000		
66.150744800		
66.151016700		
66.151028100		
66.151038100		
66.151368000		
66.151972200		
66.151979400		
66.151984400		
66.151996200		
66.151998100		
66.152000000		
66.152002200		
66.152010000		
66.152014600		
66.152018600		
66.152020500		
66.152023300		
66.152026700		
66.152028900		
66.152031000		
66.152034600		
66.152038800		
66.152042200		
66.152044500		
66.152047500		
66.152050900		
66.152053700		
66.152059100		
66.152062600		
66.152589500		
66.153107100		
66.153117500		
66.153124400		
66.153127000		
66.153129200		
66.153131300		
66.153136200		
66.153143900		
66.153149800		
66.153152400		
66.153156900		
66.153161900		
66.153170900		
66.153177600		
66.153179800		
66.153184700		
66.153187200		
66.153189000		
66.153191800		
66.153196300		
66.153201300		
66.153532800		
66.153690400		
66.153693200		
66.153695400		
66.153697600		
66.153701800		
66.153705000		
66.153707700		
66.153710300		
66.153715000		
66.153717000		
66.153719900		
66.153721800		
66.153724000		
66.153725800		
66.153727900		
66.153732400		
66.153740300		
66.153742200		
66.153746300		
66.153749700		
66.153752200		
66.153757800		
66.153759800		
66.153761700		
66.153763900		
66.153766400		
66.153769800		
66.153772600		
66.153775600		
66.153779100		
66.153781200		
66.153784500		
66.153900300		
66.154133500		
66.154141800		
66.154156000		
66.154159100		
66.154162000		
66.154164700		
66.154168100		
66.154174000		
66.154177100		
66.154185200		
66.154187700		
66.154190300		
66.154193000		
66.154195200		
66.154198500		
66.154200800		
66.154205200		
66.154207700		
66.154213400		
66.154219500		
66.154225400		
66.154232000		
66.154235300		
66.154259200		
66.154261900		
66.154265000		
66.154267700		
66.154270400		
66.154341500		
66.154559700		
66.154718100		
66.154866400		
66.155474100		
66.155997300		
66.156307400		
66.156636300		
66.159033000		
66.159041000		
66.159047000		
66.159050100		
66.159051900		
66.159054500		
66.159056600		
66.159058400		
66.159059900		
66.159065500		
66.159067100		
66.159075000		
66.159808700		
66.166976800		
66.174810600		
66.181687700		
66.209328200		
66.209546100		
66.209590900		
66.209632800		
66.209673000		
66.209709600		
66.209745300		
66.209782100		
66.209819300		
66.209862100		
66.224310900		
66.225483500		
66.228450700		
66.230932600		
66.230935000		
66.239542700		
66.245944300		
66.287674700		
66.440375400		
66.452924300		
66.468446800		
69.155712600		
69.155849100		
69.155886100		
69.155917800		
69.155949200		
69.155979400		
69.156009400		
69.156039400		
69.156069300		
69.156100300		
69.176181200		
69.182293300		
69.182295600		
69.182296900		
69.182531600		
69.182539100		
69.182540400		
69.182541600		
69.182542700		
69.182576700		
69.182577600		
69.182578200		
69.182578900		
69.182579700		
69.182580600		
69.182581600		
69.182582400		
69.182583100		
69.182584200		
69.182585400		
69.182586200		
69.182587100		
69.182588600		
69.182589600		
69.182590600		
69.182618700		
69.182620200		
69.182621100		
69.182622600		
69.182624000		
69.182624900		
69.182625700		
69.182626700		
69.182627600		
69.182628400		
69.182629200		
69.182740700		
69.182861500		
69.182862400		
69.182969400		
69.183051000		
69.183052100		
69.183055100		
69.183108200		
69.183292700		
69.184176800		
69.184178400		
69.184179600		
69.184180700		
69.184181900		
69.184186000		
69.184187300		
69.184188600		
69.184189900		
69.184191500		
69.184192600		
69.184193800		
69.184195100		
69.184201400		
69.184202800		
69.184204100		
69.184205200		
69.184206700		
69.184207800		
69.184209000		
69.184210000		
69.184211200		
69.184657700		
69.184661600		
69.184662700		
69.184664100		
69.184665000		
69.184665900		
69.184667200		
69.184668200		
69.184669000		
69.184672800		
69.184674000		
69.184677500		
69.184678900		
69.184680300		
69.184681300		
69.184685100		
69.184686300		
69.184687700		
69.184691500		
69.184692600		
69.184693600		
69.184853000		
69.185092100		
69.185144600		
69.185145500		
69.185146300		
69.185147500		
69.185148300		
69.185149100		
69.185150300		
69.185154800		
69.185156300		
69.185157500		
69.185158400		
69.185159200		
69.185160500		
69.185161800		
69.185162900		
69.185164100		
69.185165000		
69.185166100		
69.185167300		
69.185168200		
69.185169100		
69.185266800		
69.185499100		
69.185935600		
69.186135900		
69.186252700		
69.186254000		
69.186255600		
69.186256700		
69.186257800		
69.186258500		
69.186259700		
69.186260600		
69.186262000		
69.186263100		
69.186264000		
69.186264900		
69.186280900		
69.186655600		
69.186827400		
69.186828700		
69.186829600		
69.186830700		
69.186835100		
69.186836600		
69.186837700		
69.186838600		
69.186839600		
69.186841100		
69.186842100		
69.186843000		
69.186844800		
69.186848800		
69.186850000		
69.186851200		
69.186852100		
69.186853200		
69.186854400		
69.186855500		
69.186856400		
69.187211800		
69.187593300		
69.188183300		
69.188185100		
69.188186300		
69.188187700		
69.188188600		
69.188189700		
69.188190900		
69.188191900		
69.188193200		
69.188194200		
69.188195200		
69.188196200		
69.188197600		
69.188203600		
69.188204800		
69.188469300		
69.188470500		
69.188471300		
69.188472200		
69.188473200		
69.188474100		
69.188475200		
69.188476100		
69.188476900		
69.188478100		
69.188478900		
69.188479700		
69.188480900		
69.188482200		
69.188483000		
69.188484100		
69.188485200		
69.188486500		
69.188487900		
69.188488900		
69.188490200		
69.188491300		
69.188492500		
69.188493600		
69.188494600		
69.188495100		
69.188496400		
69.188497200		
69.188498600		
69.188565800		
69.188807000		
69.188974300		
69.189184900		
69.189188500		
69.189189800		
69.189191100		
69.189192000		
69.189193100		
69.189339800		
69.189431300		
69.189435300		
69.189436700		
69.189438000		
69.189439100		
69.189440300		
69.189444500		
69.189445600		
69.189447000		
69.189448400		
69.189449600		
69.189450800		
69.189452300		
69.189453400		
69.189454400		
69.189456300		
69.189457300		
69.189458300		
69.189459900		
69.189460900		
69.189461900		
69.189546600		
69.189690700		
69.189888200		
69.191222800		
69.191224400		
69.191225900		
69.191227600		
69.191228500		
69.191229600		
69.191231000		
69.191232000		
69.191233200		
69.191234700		
69.191243300		
69.191244700		
69.191249600		
69.191250600		
69.191251700		
69.191253100		
69.191254100		
69.191255200		
69.191256600		
69.191257700		
69.191258600		
69.191260100		
69.191261000		
69.191261900		
69.191262700		
69.191263900		
69.191264400		
69.191705300		
69.191706400		
69.191707300		
69.191707900		
69.191708600		
69.191709400		
69.191710100		
69.191710800		
69.191752900		
69.191964400		
69.192105400		
69.192228400		
69.194330800		
69.194332200		
69.194333400		
69.194334600		
69.194340700		
69.194342000		
69.194343200		
69.194344500		
69.194345400		
69.194346900		
69.194348100		
69.194349000		
69.194350200		
69.194351100		
69.194352200		
69.194353400		
69.194354100		
69.194355000		
69.194356300		
69.194357100		
69.194358600		
69.194361500		
69.194663300		
69.194665000		
69.195094800		
69.195095900		
69.195096700		
69.195097700		
69.195098600		
69.195099300		
69.195100200		
69.195101300		
69.195102400		
69.195103300		
69.195104100		
69.195110500		
69.195111500		
69.195112300		
69.195113000		
69.195114000		
69.195114800		
69.195116000		
69.195117400		
69.195118300		
69.195119100		
69.195120100		
69.195121100		
69.195122100		
69.195123200		
69.195128700		
69.195130300		
69.195131300		
69.195132400		
69.195133200		
69.195149800		
69.195166800		
69.195167600		
69.195397500		
69.195481700		
69.195483000		
69.195484400		
69.195485700		
69.195486800		
69.195487900		
69.195489300		
69.195490200		
69.195491400		
69.195492900		
69.195494200		
69.195495400		
69.195496700		
69.195498200		
69.195499200		
69.195500800		
69.195501900		
69.195502800		
69.195504000		
69.195504800		
69.195505700		
69.195506800		
69.195507700		
69.195508500		
69.195543000		
69.195877600		
69.195878700		
69.195879600		
69.195880800		
69.195881900		
69.195882900		
69.195910700		
69.195911400		
69.195912100		
69.195912900		
69.195913600		
69.195914300		
69.195915600		
69.195916300		
69.195917000		
69.195918000		
69.195918700		
69.195919400		
69.195920200		
69.195920900		
69.195921500		
69.195922400		
69.195944500		
69.195945400		
69.195946400		
69.195947000		
69.195947700		
69.195948500		
69.195949200		
69.195949800		
69.195950700		
69.195951300		
69.196035800		
69.196198300		
69.196199200		
69.196199700		
69.196200500		
69.196201300		
69.196202000		
69.196253100		
69.196460600		
69.196831100		
69.196995900		
69.197142600		
69.197276500		
69.197593200		
69.197732500		
69.206580300		
69.206582200		
69.206583200		
69.206584300		
69.206585200		
69.206586100		
69.206587100		
69.206588000		
69.206589000		
69.206590200		
69.206591000		
69.206591800		
69.206600300		
69.206601200		
69.206602000		
69.206603400		
69.206604300		
69.206605300		
69.206606500		
69.206607400		
69.206608400		
69.206609500		
69.206610400		
69.206611400		
69.206902300		
69.206903200		
69.206904100		
69.206905300		
69.206906100		
69.206906900		
69.206908000		
69.206908800		
69.206909500		
69.206910500		
69.206911300		
69.206912300		
69.206913500		
69.206914500		
69.206915700		
69.206917000		
69.206917800		
69.206918700		
69.206919900		
69.206920800		
69.206921700		
69.206922700		
69.206923700		
69.206924700		
69.206925800		
69.206926900		
69.206935400		
69.206937400		
69.207117400		
69.207324400		
69.207527600		
69.207939700		
69.208101200		
69.217944800		
69.217947000		
69.217947900		
69.218331900		
69.218478600		
69.218479700		
69.218480700		
69.218481800		
69.218482600		
69.218483500		
69.219729900		
69.219731500		
69.219732900		
69.219739400		
69.219740200		
69.219741200		
69.219742600		
69.219743400		
69.219744400		
69.219745300		
69.219746300		
69.219747100		
69.219748400		
69.219749700		
69.219750700		
69.219751700		
69.219752600		
69.219753700		
69.219754800		
69.219755700		
69.219756600		
69.219784000		
69.219784800		
69.219785400		
69.219786500		
69.219787100		
69.219787800		
69.219788700		
69.219789900		
69.219791200		
69.219792400		
69.219793200		
69.220068000		
69.220069300		
69.220070200		
69.220071100		
69.220072000		
69.220072700		
69.220073400		
69.220159700		
69.220160500		
69.220161200		
69.220162400		
69.220163100		
69.220163900		
69.220164900		
69.220165600		
69.220166400		
69.220167300		
69.220168100		
69.220168800		
69.220175400		
69.220249600		
69.220452200		
69.220576300		
69.220711500		
69.220976900		
69.221119200		
69.228304500		
69.228420500		
69.228456600		
69.228493900		
69.228526100		
69.228556800		
69.228588400		
69.228619800		
69.228652200		
69.228685100		
69.229839200		
69.243597800		
69.245068100		
69.247720200		
69.249147700		
69.249149500		
69.265536300		
69.265980100		
69.680489500		
69.731282100		
71.001375200		
71.002376700		
71.010325500		
71.084496400		
71.124198800		
71.299686700		
71.328330600		
71.345786800		
71.390676100		
72.141087600	10.111.18.225	185.125.190.57
72.183820500	185.125.190.57	10.111.18.225
73.498995100		
73.547429200		
73.556719000		
73.556805500		
73.795123600		
73.912202400		
74.361663100		
74.424679700		
74.495979700		
74.511966900		
75.148549400		
75.231207100		
75.399719400	10.111.18.225	35.176.23.94
75.538684200	35.176.23.94	10.111.18.225
75.580818400	10.111.18.225	35.176.23.94
76.050579800		
76.050582000		
76.050582900		
76.050583900		
76.051120000		
76.060664100		
76.142422800		
76.161103700		
76.161285700		
76.161336700		
76.161383300		
76.161422300		
76.161464200		
76.161501700		
76.161547800		
76.161588800		
76.161627500		
76.175893200		
76.177256100		
76.178694100		
76.180455500		
76.182036700		
76.184189900		
76.184193100		
76.184194900		
76.184201800		
76.184203900		
76.184210300		
76.184455100		
76.184457400		
76.184460200		
76.184462700		
76.184464400		
76.184474000		
76.184476600		
76.184480800		
76.184483200		
76.184487500		
76.184496100		
76.184500200		
76.184502300		
76.184506300		
76.184508800		
76.184512900		
76.184515300		
76.184517200		
76.184521000		
76.184522600		
76.184524300		
76.184526100		
76.184527900		
76.184529500		
76.184532000		
76.184533500		
76.184535300		
76.184537300		
76.184539500		
76.184833800		
76.185061300		
76.185226100		
76.186893100		
76.186901700		
76.186907700		
76.186910100		
76.186912100		
76.186915100		
76.186917200		
76.186919200		
76.186921000		
76.186924200		
76.186928100		
76.186929900		
76.186943700		
76.186946300		
76.186948300		
76.186950600		
76.186957600		
76.186959700		
76.186962700		
76.186969000		
76.186974300		
76.186979200		
76.186981600		
76.186983800		
76.187414900		
76.187418800		
76.187422100		
76.187424000		
76.187425400		
76.187427500		
76.187429100		
76.187430700		
76.187432100		
76.187434100		
76.187435900		
76.187437800		
76.187442400		
76.187452000		
76.187454400		
76.187458100		
76.187461400		
76.187463900		
76.187467700		
76.187470300		
76.187472900		
76.187531900		
76.187768900		
76.187918600		
76.187943600		
76.187950400		
76.187952600		
76.187956300		
76.187957800		
76.187960900		
76.187962900		
76.187964800		
76.187966700		
76.187970000		
76.187971500		
76.187974700		
76.187976500		
76.187985100		
76.187987000		
76.187989000		
76.187992600		
76.187998700		
76.188002100		
76.188003900		
76.188007600		
76.188258100		
76.188422600		
76.188557500		
76.188690400		
76.189995700		
76.190002700		
76.190005500		
76.190010100		
76.190013400		
76.190015000		
76.190017600		
76.190020100		
76.190024600		
76.190027500		
76.190029900		
76.190032900		
76.190046000		
76.190048400		
76.190050700		
76.190053100		
76.190055100		
76.190062000		
76.190421700		
76.190429300		
76.190431700		
76.190433700		
76.190435400		
76.190438000		
76.190443400		
76.190445000		
76.190446500		
76.190449700		
76.190451900		
76.190453500		
76.190455500		
76.190465400		
76.190468900		
76.190470800		
76.190474800		
76.190481100		
76.190484100		
76.190488300		
76.190493400		
76.190496000		
76.190499700		
76.190501600		
76.190671000		
76.190926000		
76.190967300		
76.190977300		
76.190980100		
76.190984500		
76.190986100		
76.190988800		
76.190990900		
76.190992900		
76.190995000		
76.190998400		
76.191000000		
76.191003400		
76.191005500		
76.191012100		
76.191014100		
76.191015900		
76.191019500		
76.191025800		
76.191030200		
76.191032300		
76.191036000		
76.191054200		
76.191429400		
76.191543900		
76.191548500		
76.191550500		
76.191553100		
76.191555100		
76.191557900		
76.191559900		
76.191562300		
76.191566800		
76.191569600		
76.191572400		
76.191574400		
76.191577000		
76.191585300		
76.191587300		
76.191590200		
76.191592200		
76.191596600		
76.191604000		
76.191609500		
76.191611700		
76.191612600		
76.191754700		
76.191991500		
76.192061400		
76.192071800		
76.192074200		
76.192076700		
76.192078400		
76.192081300		
76.192085700		
76.192087600		
76.192089400		
76.192092400		
76.192093800		
76.192095400		
76.192097300		
76.192104200		
76.192108100		
76.192111400		
76.192113200		
76.192117300		
76.192123400		
76.192126300		
76.192130000		
76.192151100		
76.192467300		
76.192643200		
76.197227700		
76.197241500		
76.197244900		
76.197251600		
76.197254100		
76.197258300		
76.197261300		
76.197264000		
76.197266500		
76.197271100		
76.197273700		
76.197279300		
76.197282200		
76.197304000		
76.197306900		
76.197735000		
76.197740600		
76.197752100		
76.197755400		
76.197761900		
76.197765500		
76.197771100		
76.197773900		
76.197777400		
76.197780400		
76.197783300		
76.197785800		
76.197788500		
76.197799100		
76.197801800		
76.197804800		
76.197807700		
76.197809800		
76.197813700		
76.197816800		
76.197819400		
76.197822600		
76.197824900		
76.197828100		
76.197938600		
76.198203100		
76.198209200		
76.198212000		
76.198215000		
76.198217700		
76.198221100		
76.198225300		
76.198227800		
76.198230200		
76.198233600		
76.198236000		
76.198238700		
76.198241500		
76.198244800		
76.198248200		
76.198251000		
76.198254900		
76.198259000		
76.198262500		
76.198266700		
76.198271500		
76.198282600		
76.198529400		
76.198748400		
76.198753700		
76.198756400		
76.198758700		
76.198760700		
76.198762700		
76.198764900		
76.198766700		
76.198769300		
76.198772800		
76.198778100		
76.198785800		
76.198802800		
76.198805400		
76.198813500		
76.198815800		
76.198818900		
76.198821300		
76.198823500		
76.198826600		
76.198830100		
76.198832800		
76.199116500		
76.199278600		
76.199436300		
76.199660000		
76.199796900		
76.201598800		
76.201612200		
76.201614900		
76.203294400		
76.203299100		
76.203304600		
76.203307700		
76.203310200		
76.203313700		
76.203319200		
76.203321100		
76.203325900		
76.203339000		
76.203342300		
76.203345100		
76.203348700		
76.203354900		
76.203364700		
76.203373200		
76.203376100		
76.203384100		
76.203387500		
76.203395400		
76.203398600		
76.203403900		
76.203406900		
76.203409500		
76.203412100		
76.203415100		
76.203417600		
76.204040000		
76.204041700		
76.204043200		
76.204044700		
76.204045700		
76.204046900		
76.204048500		
76.204049400		
76.204050700		
76.204052300		
76.204054200		
76.204056400		
76.204058500		
76.204065400		
76.204067300		
76.204069400		
76.204070700		
76.204072300		
76.204074600		
76.204076800		
76.204080900		
76.204086100		
76.204088400		
76.204091100		
76.204095300		
76.204097400		
76.204099500		
76.204104900		
76.204107600		
76.204110100		
76.204119900		
76.204121400		
76.204163700		
76.204581900		
76.204586400		
76.204588900		
76.204591200		
76.204593300		
76.204595200		
76.204597000		
76.204599900		
76.204602000		
76.204604100		
76.204606300		
76.204609300		
76.204612200		
76.204626300		
76.204629500		
76.204631200		
76.204632200		
76.204637800		
76.204640400		
76.204642600		
76.204646000		
76.204649100		
76.204651900		
76.204654800		
76.204658500		
76.204660400		
76.204662800		
76.204664100		
76.204666400		
76.204816600		
76.205134400		
76.205280300		
76.205447600		
76.205699900		
76.205847100		
76.205983900		
76.206773200		
76.206787100		
76.206790600		
76.206800900		
76.206804100		
76.206809100		
76.206812800		
76.206815200		
76.206818200		
76.206826400		
76.206829800		
76.206838800		
76.206848800		
76.206856000		
76.206863700		
76.206869400		
76.206874000		
76.206877400		
76.206882000		
76.206885000		
76.206891400		
76.207610800		
76.207648600		
76.207651900		
76.207653700		
76.207657100		
76.207658600		
76.207660700		
76.207662200		
76.207663900		
76.207665900		
76.207668200		
76.207669800		
76.207672600		
76.207674700		
76.207685900		
76.207690100		
76.207692400		
76.207694400		
76.207698000		
76.207701800		
76.207704600		
76.207708200		
76.207711200		
76.207714300		
76.207717400		
76.207720800		
76.207723300		
76.207725100		
76.207728100		
76.207729800		
76.207732500		
76.207734700		
76.207736900		
76.207869100		
76.208009800		
76.208060000		
76.208062000		
76.208063400		
76.208065300		
76.208066800		
76.208068000		
76.208069600		
76.208071100		
76.208072400		
76.208074000		
76.208075600		
76.208077000		
76.208078400		
76.208086700		
76.208088500		
76.208090000		
76.208091800		
76.208093500		
76.208095100		
76.208097200		
76.208098800		
76.208100100		
76.208102600		
76.208105100		
76.208108300		
76.208110300		
76.208111400		
76.208112900		
76.208114300		
76.208115500		
76.208116800		
76.208118300		
76.208333000		
76.208447300		
76.208449600		
76.208451100		
76.208453300		
76.208454600		
76.208456600		
76.208457800		
76.208459300		
76.208460500		
76.208462100		
76.208463200		
76.208464900		
76.208466600		
76.208468100		
76.208469900		
76.208471300		
76.208472700		
76.208474800		
76.208476700		
76.208478100		
76.208480000		
76.208481600		
76.208483400		
76.208485800		
76.208487100		
76.208489100		
76.208490700		
76.208492300		
76.208494100		
76.208495800		
76.208496100		
76.208497300		
76.208500200		
76.208639400		
76.208831400		
76.208833500		
76.208835200		
76.208837500		
76.208839400		
76.208841200		
76.208843700		
76.208845500		
76.208847300		
76.208849500		
76.208851100		
76.208852700		
76.208854400		
76.208856500		
76.208858600		
76.208873300		
76.209022100		
76.209152700		
76.209154700		
76.209158500		
76.209160600		
76.209163700		
76.209165500		
76.209168400		
76.209170800		
76.209173600		
76.209175900		
76.209179200		
76.209181700		
76.209183700		
76.209186600		
76.209194800		
76.209196700		
76.209199800		
76.209202100		
76.209204800		
76.209207000		
76.209209000		
76.209210900		
76.209212700		
76.209214700		
76.209216800		
76.209218600		
76.209220400		
76.209222600		
76.209225000		
76.209226600		
76.209228600		
76.209230900		
76.209232700		
76.209369000		
76.209467600		
76.209469500		
76.209470800		
76.209472300		
76.209473800		
76.209475300		
76.209476700		
76.209478500		
76.209480000		
76.209481400		
76.209516800		
76.209636700		
76.209638600		
76.209639800		
76.209641800		
76.209643400		
76.209645300		
76.209647000		
76.209649000		
76.209650700		
76.209652100		
76.209654400		
76.209657500		
76.209662200		
76.209666500		
76.209669100		
76.209672600		
76.209675100		
76.209678600		
76.209681200		
76.209781000		
76.209993600		
76.210121700		
76.210256100		
76.210458500		
76.210593000		
76.210727600		
76.213524700		
76.213534400		
76.213540900		
76.213543500		
76.213545600		
76.213548000		
76.213550200		
76.213555000		
76.213556900		
76.213559400		
76.213564100		
76.213566200		
76.213577400		
76.213585500		
76.213592400		
76.213594800		
76.213599800		
76.213602300		
76.213607200		
76.213609400		
76.213611400		
76.214196400		
76.214429800		
76.217030700		
76.217039700		
76.217042200		
76.217048700		
76.217050700		
76.217052900		
76.217057600		
76.217059200		
76.217061600		
76.217064600		
76.217066700		
76.217070900		
76.217073000		
76.217083100		
76.217085000		
76.217087200		
76.217090700		
76.217099300		
76.217102400		
76.217107500		
76.217112100		
76.217534000		
76.217536500		
76.217538300		
76.217540300		
76.217542200		
76.217544400		
76.217546900		
76.217548900		
76.217550200		
76.217552300		
76.217554200		
76.217556100		
76.217559700		
76.217567100		
76.217570400		
76.217575800		
76.217578900		
76.217580800		
76.217583400		
76.217586100		
76.217587900		
76.217590100		
76.217591700		
76.217593300		
76.217597200		
76.217599400		
76.217603100		
76.217608900		
76.217611300		
76.217615000		
76.217618200		
76.217620200		
76.217669800		
76.217886800		
76.217890700		
76.217892200		
76.217894000		
76.217896300		
76.217898600		
76.217902200		
76.217904000		
76.217905600		
76.217907300		
76.217909500		
76.217911900		
76.217913100		
76.217915000		
76.217917900		
76.217921000		
76.217923400		
76.217925300		
76.217928700		
76.217931900		
76.217934100		
76.217937200		
76.217939800		
76.217944500		
76.217946300		
76.217948100		
76.217950300		
76.217952000		
76.217953700		
76.217955700		
76.217957600		
76.217959200		
76.217964000		
76.218055500		
76.218271500		
76.218282000		
76.218294200		
76.218301600		
76.218304300		
76.218307300		
76.218309600		
76.218313000		
76.218318700		
76.218326300		
76.218330800		
76.218332900		
76.218337600		
76.218342000		
76.218349800		
76.218356100		
76.218359300		
76.218361900		
76.218364000		
76.218365800		
76.218367900		
76.218371000		
76.218371300		
76.218373800		
76.218515100		
76.218654900		
76.218883500		
76.219032900		
76.219215900		
76.219356300		
76.219573900		
76.226721600		
76.228838400		
76.228978900		
76.229032100		
76.229084700		
76.229131300		
76.229167800		
76.229224900		
76.229270100		
76.229314300		
76.229359300		
76.235973100		
76.235975100		
76.292972500		
76.295186800		
76.295189400		
76.295190600		
76.295194500		
76.295195500		
76.295577400		
76.295807500		
76.295980900		
76.296059300		
76.307416700		
76.307860200		
76.309828100		
76.316869300		
76.325909700		
76.383687500		
76.459990300		
76.571014100		
76.571191300		
76.580512200		
76.580513600		
76.582180600		
76.596274300		
76.596388400		
76.613756200	10.111.18.225	199.232.42.132
76.668107200	199.232.42.132	10.111.18.225
76.670924000		
76.767264000		
76.968176500		
77.077664900		
77.223256900		
77.280411600		
77.446237100		
77.677232500		
77.752408200		
77.760005200		
77.878085800		
77.879773300		
77.879775900		
77.879790800		
77.879792600		
77.879793700		
77.880434200		
77.880609900		
77.893300000		
77.894659200		
78.087258300		
78.200989300		
78.610779500		
78.614830000		
78.648861400		
78.655318100		
78.762974900		
78.778601300		
79.452767300		
79.497608000		
79.521892000		
79.527069100		
79.930673200		
79.930845300		
79.930883500		
79.930916700		
79.930948800		
79.930982000		
79.931014700		
79.931048100		
79.931088800		
79.931124400		
79.946038000		
79.947110800		
79.952070700		
79.952072200		
79.952073100		
79.952528200		
79.952687800		
79.952689400		
79.952690800		
79.952692100		
79.952693300		
79.952694500		
79.952696000		
79.952697200		
79.952698400		
79.952700200		
79.952701400		
79.952702500		
79.952704100		
79.952711600		
79.952713100		
79.952715600		
79.952780000		
79.952781300		
79.952783100		
79.952785200		
79.952786500		
79.952788400		
79.952790100		
79.952792100		
79.953586200		
79.954024900		
79.954029300		
79.954032200		
79.954035900		
79.954039600		
79.954042600		
79.954045300		
79.954048200		
79.954051800		
79.954055600		
79.954058500		
79.954061900		
79.954064900		
79.954074500		
79.954077000		
79.954079900		
79.954082800		
79.954085700		
79.954088400		
79.954091500		
79.954094300		
79.954097000		
79.954100700		
79.954104000		
79.954108400		
79.954181700		
79.954606600		
79.954684100		
79.954685800		
79.954687300		
79.954688900		
79.954690500		
79.954692000		
79.954693500		
79.954695100		
79.954696500		
79.954698000		
79.954699500		
79.954701200		
79.954702600		
79.954704600		
79.954706000		
79.954773000		
79.954971400		
79.955259700		
79.955324800		
79.955327000		
79.955328600		
79.955330100		
79.955331300		
79.955332800		
79.955334300		
79.955335700		
79.955337000		
79.955338600		
79.955339900		
79.955341400		
79.955343500		
79.955350200		
79.955351700		
79.955353900		
79.955355500		
79.955357200		
79.955358800		
79.955360500		
79.955362100		
79.955909600		
79.956182800		
79.957088000		
79.957089900		
79.957091000		
79.957092200		
79.957093500		
79.957094800		
79.957096100		
79.957594900		
79.957616500		
79.957618100		
79.957619400		
79.957620700		
79.957621600		
79.957626200		
79.957627600		
79.957628600		
79.957629700		
79.957630900		
79.957631900		
79.957633100		
79.957634800		
79.957636000		
79.957637500		
79.957639000		
79.957640000		
79.957641400		
79.957643200		
79.957644700		
79.957646000		
79.958047600		
79.958237700		
79.960325300		
79.960327800		
79.960329500		
79.960331300		
79.960333000		
79.960334600		
79.960336700		
79.960338400		
79.960339600		
79.960341600		
79.960343300		
79.960344700		
79.960346500		
79.960356700		
79.960358700		
79.960360200		
79.960361800		
79.960363600		
79.960365400		
79.960367500		
79.960369400		
79.960371800		
79.960373800		
79.960375400		
79.960377000		
79.960378800		
79.960380500		
79.960382400		
79.960840100		
79.960841000		
79.960841900		
79.960842900		
79.960843700		
79.960844600		
79.960845600		
79.960846800		
79.960847600		
79.960848900		
79.960850100		
79.960851200		
79.960852600		
79.960861600		
79.960862800		
79.960863900		
79.960865000		
79.960865800		
79.960867000		
79.960867800		
79.960868500		
79.960869700		
79.960870600		
79.960871500		
79.960872700		
79.960873700		
79.960874600		
79.960875700		
79.960877800		
79.960879700		
79.960926400		
79.960928200		
79.960990500		
79.961185600		
79.961187400		
79.961188900		
79.961190400		
79.961191900		
79.961193700		
79.961195200		
79.961196900		
79.961231000		
79.961365300		
79.961565500		
79.961567100		
79.961568200		
79.961569700		
79.961570900		
79.961572100		
79.961573400		
79.961574900		
79.961576200		
79.961578200		
79.961579900		
79.961581100		
79.961582700		
79.961592400		
79.961594400		
79.961595900		
79.961597200		
79.961598000		
79.961599100		
79.961599800		
79.961600800		
79.961602500		
79.961603600		
79.961604800		
79.961702300		
79.961855500		
79.961994900		
79.962141100		
79.962389600		
79.962539100		
79.963695400		
79.963697900		
79.963699400		
79.963701700		
79.963703100		
79.963704400		
79.963705900		
79.963994500		
79.963996100		
79.963997700		
79.963999000		
79.964000200		
79.964008300		
79.964010100		
79.964011400		
79.964012700		
79.964014200		
79.964015200		
79.964016100		
79.964017800		
79.964018800		
79.964020000		
79.964021600		
79.964022900		
79.964024100		
79.964025600		
79.964027100		
79.964028200		
79.964029800		
79.964030800		
79.964160900		
79.964162200		
79.964163200		
79.964164200		
79.964165400		
79.964166500		
79.964167600		
79.964169000		
79.964170100		
79.964177100		
79.964415400		
79.964415800		
79.964416700		
79.964417700		
79.964418800		
79.964427400		
79.964428700		
79.964429800		
79.964560500		
79.964685900		
79.965003700		
79.966844100		
79.966846400		
79.966848100		
79.966849300		
79.966850700		
79.967113900		
79.967115600		
79.967117100		
79.967118600		
79.967119900		
79.967120800		
79.967122400		
79.967130000		
79.967131600		
79.967132900		
79.967134400		
79.967135500		
79.967136800		
79.967138200		
79.967139400		
79.967141300		
79.967142900		
79.967144400		
79.967146400		
79.967147600		
79.967149000		
79.967150600		
79.967151600		
79.967152800		
79.967154500		
79.967203300		
79.967204800		
79.967206200		
79.967207200		
79.967207900		
79.967209100		
79.967210100		
79.967457700		
79.967459100		
79.967460100		
79.967461100		
79.967553700		
79.967554600		
79.967561500		
79.967563200		
79.967564200		
79.967565300		
79.967566600		
79.967567900		
79.967569100		
79.967570300		
79.967571300		
79.967572300		
79.967573400		
79.967574300		
79.967575000		
79.967576300		
79.967577100		
79.967577900		
79.967578900		
79.967579700		
79.967580500		
79.967627100		
79.967865900		
79.968012100		
79.968141400		
79.968396500		
79.968548100		
79.970040800		
79.970042800		
79.970044200		
79.970045700		
79.970047200		
79.970048400		
79.970049800		
79.970373700		
79.970374700		
79.970375800		
79.970377200		
79.970378500		
79.970387200		
79.970389000		
79.970390200		
79.970391500		
79.970393300		
79.970394600		
79.970396200		
79.970397900		
79.970399500		
79.970400700		
79.970402400		
79.970404400		
79.970405300		
79.970407000		
79.970407900		
79.970408900		
79.970410300		
79.970411200		
79.970457900		
79.970460400		
79.970461800		
79.970462900		
79.970465000		
79.970466000		
79.970467300		
79.970468900		
79.970470400		
79.970550300		
79.970938300		
79.970940200		
79.970941400		
79.970942700		
79.970944300		
79.970945900		
79.970947100		
79.970947200		
79.970949200		
79.970950900		
79.970952300		
79.970954300		
79.970955700		
79.970957000		
79.970959100		
79.970960400		
79.970961800		
79.970963600		
79.970964700		
79.970966200		
79.970968200		
79.970969700		
79.970970900		
79.970972500		
79.970974200		
79.970975700		
79.970977700		
79.970979200		
79.970980700		
79.970982900		
79.970984400		
79.971018500		
79.971020400		
79.971123000		
79.971270400		
79.971399000		
79.971400700		
79.971402600		
79.971404100		
79.971405600		
79.971524200		
79.971711600		
79.971850800		
79.972123100		
79.972125300		
79.972127000		
79.972128800		
79.972339600		
79.972340700		
79.972341700		
79.972343300		
79.972351800		
79.972353500		
79.972355100		
79.972356200		
79.972357100		
79.972358600		
79.972359700		
79.972361000		
79.972362600		
79.972363600		
79.972364800		
79.972366500		
79.972367500		
79.972368400		
79.972369800		
79.972371100		
79.972372700		
79.972374400		
79.972417900		
79.972419100		
79.972420300		
79.972421200		
79.972422000		
79.972423200		
79.972424100		
79.972424900		
79.972426400		
79.972427400		
79.972663400		
79.972867100		
79.973356000		
79.973609800		
79.974133000		
79.974135200		
79.974136800		
79.974138600		
79.974139900		
79.974141200		
79.974142700		
79.974143900		
79.974145300		
79.974147300		
79.974148900		
79.974159000		
79.974161000		
79.974162200		
79.974163800		
79.974165700		
79.974167700		
79.974169500		
79.974171300		
79.974174300		
79.974175800		
79.974177600		
79.974179700		
79.974181000		
79.974183000		
79.975014100		
79.975274500		
79.975417300		
79.977122100		
79.977124200		
79.977125100		
79.977126800		
79.977127800		
79.977128900		
79.977130500		
79.977131500		
79.977132800		
79.977134100		
79.977135300		
79.977136400		
79.977146100		
79.977147600		
79.977148700		
79.977150200		
79.977151400		
79.977152800		
79.977154400		
79.977155800		
79.977157100		
79.977491200		
79.977492400		
79.977493500		
79.977495000		
79.977496100		
79.977497200		
79.977498700		
79.977499900		
79.977501000		
79.977502500		
79.977503800		
79.977505100		
79.977506600		
79.977516900		
79.977518300		
79.977519600		
79.977520800		
79.977522000		
79.977523500		
79.977524600		
79.977525800		
79.977527200		
79.977528300		
79.977529400		
79.977530800		
79.977531900		
79.977532900		
79.977534700		
79.977535800		
79.977536900		
79.977589700		
79.977591100		
79.977733600		
79.977842000		
79.977843300		
79.977846900		
79.977970000		
79.978105000		
79.978406900		
79.978554100		
79.983327900		
79.983842100		
79.986971600		
79.987129100		
79.987174900		
79.987210100		
79.987243300		
79.987277200		
79.987314300		
79.987346800		
79.987391500		
79.987426800		
79.991552800		
80.002183100		
80.003394900		
80.008035100		
80.008038200		
80.008567900		
80.020682200		
80.026989200		
81.108640500		
81.145917500		
81.236029100	10.111.18.225	35.176.23.94
81.316721600	35.176.23.94	10.111.18.225
81.363775300		
81.379924500		
81.579778300		
81.613768000		
81.824248800		
81.858462500		
82.041302400		
